family,name,n,tau_real,tau_diff_real,s,phi,nullpos_iid,p_iid,nullpos_diff_iid,p_diff_iid,nullpos_ar1,p_ar1,nullpos_diff_ar1,p_diff_ar1
Historical,Railroad,112,-1.0,-0.2,0.04074843041383632,0.9458101834637108,0.4838709677419355,1.0,0.4879518072289157,0.6204819277108434,0.37593984962406013,1.0,0.512,0.568
Historical,Railroad,98,-1.0,,0.04632508918784192,0.9443992995113885,0.449438202247191,1.0,0.475,,0.4375,1.0,0.5061728395061729,
Historical,Railroad,83,-0.3885057471264368,0.6880399805086366,0.0364502102367339,0.8881681758728404,0.36,0.625,0.54,0.095,0.3723404255319149,0.5904255319148937,0.4731182795698925,0.10752688172043011
Historical,Railroad,91,0.8787878787878787,0.6000000000000001,0.036773511850487446,0.95,0.635,0.025,0.46,0.17,0.66,0.125,0.5,0.1717171717171717
Historical,Railroad,126,0.9230769230769229,-0.606060606060606,0.05263732277917549,0.95,0.61,0.015,0.49,0.775,0.4632768361581921,0.0903954802259887,0.4508670520231214,0.8670520231213873
Historical,Railroad,94,-0.9555555555555554,-0.6666666666666666,0.03351085548231825,0.95,0.441025641025641,0.9743589743589743,0.46195652173913043,0.7771739130434783,0.4413793103448276,0.9103448275862069,0.5037037037037037,0.8518518518518519
Historical,Steamships,77,0.5930735930735931,0.380952380952381,0.054044683107218855,0.8634983690291116,0.475,0.16,0.465,0.29,0.49746192893401014,0.20812182741116753,0.5177664974619289,0.3248730964467005
Historical,Railroad,108,-1.0,,0.047109817172955586,0.95,0.2857142857142857,1.0,0.4,,0.36904761904761907,1.0,0.4246575342465753,
Historical,Railroad,91,0.3571428571428571,-0.23809523809523814,0.03966407295788899,0.95,0.5879396984924623,0.38190954773869346,0.4690721649484536,0.5721649484536082,0.47586206896551725,0.38620689655172413,0.5151515151515151,0.6212121212121212
Historical,Railroad,82,0.2527472527472528,0.025641025641025637,0.028924732497238197,0.95,0.535,0.41,0.465,0.465,0.5175879396984925,0.4120603015075377,0.4,0.38974358974358975
Historical,Railroad,132,-0.3059467918622848,-0.5372233400402415,0.08312542642155454,0.948597972685283,0.45294117647058824,0.6882352941176471,0.4437869822485207,0.8402366863905325,0.5069444444444444,0.6597222222222222,0.4647887323943662,0.8028169014084507
Historical,Railroad,83,0.8008658008658008,0.5714285714285714,0.04883230217929736,0.8812142674101061,0.47,0.04,0.465,0.17,0.48484848484848486,0.1111111111111111,0.45454545454545453,0.18686868686868688
Historical,Railroad,83,-0.6263736263736264,0.7179487179487178,0.04604828547736285,0.95,0.3768844221105528,0.6884422110552764,0.45918367346938777,0.14795918367346939,0.33544303797468356,0.6075949367088608,0.39869281045751637,0.09803921568627451
Historical,Steamships,90,0.7243697478991596,0.9393939393939396,0.038636200691661765,0.95,0.53,0.07,0.495,0.0,0.53,0.1,0.52,0.0
Historical,Steamships,51,0.04761904761904762,0.5578947368421052,0.03774753228507524,0.728603264451797,0.5,0.48,0.5,0.225,0.55,0.505,0.565,0.23
Historical,Steamships,62,0.8522167487684726,0.8888888888888887,0.036561862184146685,0.8864594901843411,0.51,0.015,0.545,0.015,0.515,0.04,0.485,0.0
Historical,Telephones,52,0.2222222222222222,0.9999999999999998,0.032371943716070675,0.9033625565081261,0.55,0.455,0.505,0.005,0.505,0.425,0.507537688442211,0.0
Historical,Stove,110,0.9047619047619049,0.6,0.0468731369305798,0.95,0.6020408163265306,0.05102040816326531,0.4340659340659341,0.23626373626373626,0.5751633986928104,0.16339869281045752,0.4696969696969697,0.18181818181818182
Historical,Passenger Cars,78,-0.09941520467836257,0.803921568627451,0.03221929729586132,0.95,0.565,0.61,0.485,0.04,0.535,0.55,0.535,0.045
Historical,Telephones,54,0.6307692307692307,0.7466666666666665,0.039875444565525886,0.95,0.515,0.13,0.495,0.13,0.52,0.125,0.64,0.075
Historical,Telephones,74,-0.21290322580645166,0.8942528735632185,0.04028039391343019,0.9070158814730772,0.53,0.625,0.54,0.0,0.5,0.625,0.55,0.005
Historical,Passenger Cars,88,-0.8073089700996677,-0.30778164924506385,0.05415745571870808,0.9145928536265714,0.505,0.97,0.485,0.665,0.46,0.965,0.535,0.735
Historical,Passenger Cars,76,-0.0761904761904762,0.7999999999999999,0.03589715813041842,0.95,0.42,0.46,0.45,0.04,0.46,0.485,0.615,0.055
Historical,Telephones,76,0.226890756302521,0.8823529411764708,0.044071595047740546,0.95,0.52,0.37,0.5,0.005,0.525,0.405,0.62,0.005
Historical,Telephones,76,-0.7397504456327987,-0.12121212121212123,0.041593366210720725,0.95,0.48,0.95,0.445,0.51,0.535,0.92,0.555,0.61
Historical,Telephones,63,0.9358288770053477,0.9924242424242423,0.0693858349244676,0.95,0.485,0.0,0.465,0.0,0.56,0.01,0.575,0.0
Historical,Passenger Cars,80,-0.6945812807881773,-0.49735449735449727,0.038075609545179016,0.9345370294601996,0.475,0.9,0.455,0.79,0.55,0.935,0.59,0.85
Historical,Passenger Cars,77,-0.04761904761904762,0.9578947368421054,0.039641297849738896,0.95,0.5,0.53,0.485,0.0,0.465,0.51,0.66,0.0
Historical,Railroad,91,0.580952380952381,-0.663150970080761,0.07567303577575106,0.8604581858386412,0.3969849246231156,0.11557788944723618,0.49246231155778897,0.864321608040201,0.5290697674418605,0.21511627906976744,0.5529411764705883,0.8941176470588236
Historical,Telephones,73,0.5865546218487395,0.9786096256684493,0.05162975304899935,0.95,0.555,0.205,0.52,0.0,0.57,0.165,0.555,0.0
Historical,Telephones,80,0.7549857549857552,0.9876923076923078,0.061259388390831594,0.95,0.465,0.07,0.425,0.0,0.435,0.04,0.585,0.0
Historical,Telephones,49,0.8005698005698006,0.7846153846153847,0.08407633041015503,0.95,0.55,0.02,0.54,0.03,0.535,0.02,0.475,0.03
Historical,Telephones,78,0.562753036437247,0.8776671408250356,0.052060116845442074,0.95,0.495,0.185,0.475,0.0,0.53,0.185,0.555,0.01
Historical,Washing Machines,63,0.3940886699507389,0.0582010582010582,0.030578163400953474,0.95,0.54,0.29,0.49,0.46,0.48,0.265,0.5,0.475
Historical,Refrigerators,50,0.7857142857142856,0.5238095238095238,0.027996011502132902,0.95,0.58,0.06,0.51,0.22,0.5175879396984925,0.15577889447236182,0.4,0.18974358974358974
Historical,Telephones,86,0.32564102564102565,0.9379217273954116,0.041473249271173164,0.95,0.43,0.285,0.425,0.0,0.495,0.285,0.555,0.0
Historical,Laundry Dryers,68,0.592741935483871,-0.19569892473118283,0.034836748019165774,0.95,0.47,0.155,0.465,0.6,0.5,0.18,0.515,0.655
Historical,Passenger Cars,65,-0.23976608187134502,0.47712418300653603,0.032052673031341385,0.95,0.49,0.655,0.49,0.255,0.465,0.63,0.545,0.2
Historical,Passenger Cars,48,0.9999999999999999,1.0,0.031102059218455932,0.95,0.52,0.01,0.3969849246231156,0.005025125628140704,0.5129533678756477,0.08290155440414508,0.3695652173913043,0.005434782608695652
Historical,Telephones,74,-0.06401137980085349,0.4144144144144144,0.060214513399922474,0.95,0.5,0.525,0.5,0.25,0.5,0.545,0.555,0.285
Historical,Passenger Cars,76,0.40689655172413797,0.6059113300492609,0.044976754511566165,0.9258847669432532,0.455,0.265,0.475,0.15,0.56,0.315,0.68,0.26
Historical,Passenger Cars,67,-0.7222222222222222,0.07142857142857142,0.03419873012274559,0.95,0.6,0.94,0.455,0.41,0.5276381909547738,0.914572864321608,0.4336734693877551,0.413265306122449
Historical,Passenger Cars,37,0.47368421052631576,-0.3856209150326798,0.03184102210511416,0.8852168860331451,0.413265306122449,0.22959183673469388,0.4666666666666667,0.6820512820512821,0.4576271186440678,0.1977401129943503,0.5,0.6987951807228916
Historical,Passenger Cars,50,0.7536231884057971,0.9604743083003953,0.04216373437414969,0.941333932552947,0.515,0.08,0.505,0.0,0.58,0.085,0.58,0.005
Historical,Passenger Cars,73,-0.5185185185185185,0.23076923076923084,0.037311996781772445,0.95,0.51,0.745,0.53,0.38,0.415,0.765,0.55,0.41
Historical,Radio,65,0.7517241379310345,0.5714285714285713,0.06345713744377245,0.9068104093312059,0.525,0.05,0.46,0.215,0.61,0.075,0.55,0.205
Historical,Passenger Cars,71,0.6250000000000001,0.9096774193548388,0.03574489634856159,0.9281275915050173,0.495,0.125,0.495,0.005,0.46,0.12,0.535,0.0
Historical,Steamships,70,0.4234234234234234,0.8730158730158731,0.05899125844729524,0.95,0.54,0.22,0.5,0.0,0.542713567839196,0.3015075376884422,0.5276381909547738,0.02512562814070352
Historical,Telephones,77,-0.5128205128205129,-0.4008097165991903,0.06420746848926806,0.9031684974840029,0.495,0.79,0.525,0.75,0.455,0.76,0.52,0.765
Historical,Passenger Cars,73,-0.5894736842105264,0.5555555555555555,0.04633581430137144,0.9499199566526719,0.555,0.855,0.495,0.215,0.49,0.845,0.52,0.17
Historical,Fluid Catalytic Cracking Refineries,66,0.8666666666666666,0.9999999999999999,0.05493008629567297,0.95,0.5425531914893617,0.10638297872340426,0.4326241134751773,0.07092198581560284,0.4666666666666667,0.11851851851851852,0.5,0.044642857142857144
Historical,Telephones,43,0.8441558441558441,0.5619047619047619,0.04936665112958019,0.95,0.405,0.005,0.45,0.13,0.515,0.02,0.535,0.175
Historical,Passenger Cars,74,-0.5684210526315789,0.7426900584795321,0.0364261220221553,0.95,0.515,0.855,0.545,0.085,0.49,0.78,0.565,0.06
Historical,Telephones,53,0.8042328042328042,0.8062678062678064,0.04627909443299278,0.95,0.465,0.02,0.465,0.005,0.465,0.02,0.56,0.03
Historical,Telephones,68,0.9465240641711232,0.36363636363636365,0.04709703898050365,0.8340372690103031,0.48,0.0,0.49,0.28,0.475,0.0,0.51,0.29
Historical,Passenger Cars,39,0.934640522875817,0.2941176470588235,0.03511054403757487,0.9446780611006721,0.555,0.005,0.57,0.42,0.565,0.0,0.665,0.51
Historical,Passenger Cars,47,0.6199999999999999,0.9565217391304348,0.05092993354189531,0.95,0.51,0.14,0.475,0.0,0.525,0.09,0.59,0.0
Historical,Telephones,54,0.7566137566137565,0.4586894586894587,0.047512306148586377,0.95,0.505,0.055,0.44,0.25,0.47,0.07,0.55,0.26
Historical,Telephones,50,0.8338461538461538,0.7333333333333332,0.06583034852608745,0.95,0.55,0.015,0.525,0.05,0.545,0.015,0.595,0.065
Historical,Passenger Cars,44,0.4782608695652174,0.05928853754940712,0.05020332810960744,0.95,0.525,0.185,0.49,0.475,0.405,0.14,0.51,0.485
Historical,Steamships,54,0.9596774193548389,0.7720430107526882,0.10709500501676836,0.22712397887060165,0.49171270718232046,0.0055248618784530384,0.48044692737430167,0.0670391061452514,0.5146198830409356,0.0,0.4411764705882353,0.041176470588235294
Historical,High-Speed Rail,42,0.7904761904761906,0.7789473684210527,0.06129896922129139,0.95,0.51,0.01,0.455,0.025,0.495,0.05,0.565,0.06
Historical,Hydroelectricity,32,0.7499999999999999,0.9666666666666667,0.06847148218118816,0.613949454179845,0.54,0.055,0.52,0.0,0.495,0.065,0.51,0.0
Historical,Hydroelectricity,57,0.042735042735042736,0.8215384615384616,0.039088096072412,0.9141694178307455,0.445,0.42,0.535,0.02,0.45595854922279794,0.44041450777202074,0.5340314136125655,0.03664921465968586
Historical,Nuclear Energy,36,0.6,0.9999999999999999,0.0671341984152466,0.8092194207366,0.515,0.205,0.495,0.055,0.4271356783919598,0.21608040201005024,0.5904255319148937,0.06914893617021277
Historical,Nuclear Energy,35,0.8166666666666667,0.7714285714285715,0.04732221189125911,0.4632191186699417,0.545,0.065,0.535,0.07,0.51,0.035,0.535,0.075
Historical,Hydroelectricity,47,0.9130434782608695,0.974025974025974,0.044001436980361054,0.7964747462506818,0.51,0.01,0.505,0.0,0.535,0.0,0.57,0.0
Historical,Hydroelectricity,57,0.6369230769230769,0.9066666666666665,0.06483887074423754,0.6019051991778823,0.5,0.13,0.52,0.0,0.525,0.135,0.5177664974619289,0.005076142131979695
Historical,Hydroelectricity,56,-0.3333333333333334,,0.052741472811046276,0.4458576172916077,0.5113636363636364,0.6818181818181818,0.5375,,0.4642857142857143,0.6845238095238095,0.5370370370370371,
Historical,Nuclear Energy,40,0.3333333333333334,,0.060474040550964385,0.7353911922260012,0.5163398692810458,0.45098039215686275,0.4909090909090909,,0.5128205128205128,0.38461538461538464,0.5555555555555556,
Historical,Nuclear Energy,40,-0.5,-0.4999999999999999,0.08616708313280026,0.7656042256247255,0.4853801169590643,0.7251461988304093,0.5060975609756098,0.7134146341463414,0.48175182481751827,0.7591240875912408,0.5433070866141733,0.7716535433070866
Historical,Nuclear Energy,30,0.75,0.009523809523809525,0.049010560002642034,0.8944307295105097,0.555,0.055,0.525,0.525,0.62,0.065,0.58,0.58
Historical,Nuclear Energy,54,0.9544159544159546,0.9569230769230769,0.06467386427435855,0.7653590773072942,0.495,0.0,0.505,0.0,0.495,0.0,0.455,0.0
Historical,Nuclear Energy,34,0.9120879120879122,0.6153846153846153,0.03739167689955097,0.7124605617070878,0.5125628140703518,0.01507537688442211,0.49746192893401014,0.15228426395939088,0.4444444444444444,0.05291005291005291,0.45555555555555555,0.16111111111111112
Historical,Hydroelectricity,46,0.019762845849802372,0.645021645021645,0.03455791790258643,0.7152689394873506,0.39285714285714285,0.39285714285714285,0.5213675213675214,0.23076923076923078,0.4108527131782946,0.4108527131782946,0.41935483870967744,0.08064516129032258
Historical,Nuclear Energy,44,-0.7222222222222222,0.0,0.048428939151753156,0.6307540411822771,0.4270833333333333,0.859375,0.423728813559322,0.4632768361581921,0.3875,0.8875,0.4726027397260274,0.5205479452054794
Historical,Nuclear Energy,27,0.2857142857142857,-0.04761904761904762,0.04906747166804417,0.3951063349180583,0.5284974093264249,0.43005181347150256,0.55,0.5777777777777777,0.5112359550561798,0.398876404494382,0.4678362573099415,0.5146198830409356
Historical,Hydroelectricity,43,0.911111111111111,1.0,0.043279690865292056,0.8231618690998521,0.49,0.005,0.47,0.0,0.4020100502512563,0.020100502512562814,0.39593908629441626,0.01015228426395939
Historical,Hydroelectricity,47,0.8707692307692309,0.8333333333333331,0.07763884611645672,0.12806044654059734,0.48366013071895425,0.0196078431372549,0.5337837837837838,0.033783783783783786,0.5317919075144508,0.017341040462427744,0.5493827160493827,0.030864197530864196
Historical,Hydroelectricity,15,0.3888888888888889,0.21428571428571427,0.1631481955923081,0.0,0.5078125,0.328125,0.5158730158730159,0.40476190476190477,0.5255474452554745,0.38686131386861317,0.5298507462686567,0.4626865671641791
Historical,Television,54,0.08571428571428572,0.8901098901098902,0.03196856659997207,0.764718995091613,0.42,0.38,0.475,0.045,0.42857142857142855,0.3520408163265306,0.48717948717948717,0.015384615384615385
Historical,Vacuums,57,-0.4571428571428572,0.6631578947368422,0.04232161817444959,0.95,0.515,0.76,0.495,0.17,0.455,0.755,0.55,0.12
Historical,Telephones,37,0.934640522875817,0.9411764705882352,0.039540593200940964,0.901223457989009,0.565,0.0,0.55,0.0,0.43,0.0,0.565,0.0
Historical,Television,37,0.2777777777777778,0.21428571428571427,0.03242225195494646,0.8442296581644023,0.53,0.44,0.48,0.42,0.51,0.42,0.4723618090452261,0.36180904522613067
Historical,Telephones,17,0.28888888888888886,0.5555555555555556,0.05489939321563975,0.8882145681420368,0.45,0.29,0.495,0.195,0.465,0.32,0.565,0.2
Historical,Radio,47,0.4458874458874459,0.8476190476190477,0.041592149623198765,0.9442991025203951,0.535,0.275,0.515,0.05,0.565,0.225,0.655,0.025
Historical,Passenger Cars,25,0.38181818181818183,0.9555555555555554,0.04484271307856344,0.9215522938660421,0.565,0.325,0.615,0.005,0.5,0.28,0.735,0.015
Historical,Radio,41,-0.6952380952380953,-0.4945054945054945,0.033173227031684134,0.944272132652486,0.46,0.89,0.52,0.76,0.40703517587939697,0.8241206030150754,0.45918367346938777,0.7295918367346939
Historical,Radio,41,0.6000000000000001,0.5321637426900584,0.04596946427330457,0.903358747066854,0.505,0.16,0.48,0.245,0.525,0.1,0.53,0.205
Historical,Passenger Cars,27,0.909090909090909,0.8909090909090909,0.03556199907811577,0.909221749104432,0.535,0.01,0.6,0.03,0.52,0.02,0.61,0.01
Historical,Radio,41,-0.38181818181818183,0.9999999999999999,0.043435992640824726,0.9343002507444491,0.495,0.7,0.505,0.005,0.39,0.69,0.635,0.0
Historical,Television,46,0.03557312252964427,0.8614718614718614,0.03662738386530266,0.9035777633357017,0.475,0.45,0.545,0.015,0.33146067415730335,0.3146067415730337,0.4540229885057471,0.017241379310344827
Historical,Radio,41,0.8181818181818182,0.8666666666666666,0.03680774057098698,0.9408884849856355,0.55,0.05,0.555,0.07,0.44,0.065,0.58,0.035
Historical,Passenger Cars,39,0.9999999999999999,-1.0,0.02462402774250764,0.864419533374578,0.47474747474747475,0.020202020202020204,0.43315508021390375,1.0,0.4648648648648649,0.032432432432432434,0.4311377245508982,1.0
Historical,Telephones,42,0.8614718614718614,0.4952380952380953,0.07676439642912591,0.95,0.56,0.01,0.575,0.25,0.485,0.01,0.56,0.215
Historical,Television,48,-0.9999999999999999,-1.0,0.03678725463264006,0.7735439464150387,0.38095238095238093,0.9761904761904762,0.375,1.0,0.43846153846153846,0.9769230769230769,0.4537037037037037,1.0
Historical,Railroad,47,0.9999999999999999,0.7999999999999999,0.1396027036376141,0.4929527155852458,0.5106382978723404,0.026595744680851064,0.5029940119760479,0.17964071856287425,0.5872093023255814,0.029069767441860465,0.625,0.19736842105263158
Historical,Jet Aircraft,48,-0.17142857142857143,0.22105263157894736,0.03534206219838217,0.95,0.44,0.525,0.47,0.35,0.465,0.545,0.585,0.46
Historical,Carbon Capture and Sequestration,36,0.20261437908496735,0.21726656384842563,0.06119069348485344,0.5426255295928039,0.545,0.455,0.53,0.46,0.525,0.405,0.5,0.39
Historical,Telephones,36,0.5672514619883041,0.2679738562091504,0.05891714764528101,0.95,0.575,0.19,0.56,0.435,0.56,0.185,0.535,0.35
Historical,Television,46,-0.2947368421052632,0.20467836257309938,0.031174351509229144,0.8552828921399632,0.455,0.64,0.555,0.47,0.495,0.625,0.525,0.425
Historical,Television,43,-0.6703296703296704,-0.3589743589743589,0.029499680842421827,0.9301735007158239,0.515,0.895,0.5,0.695,0.48,0.855,0.53,0.715
Historical,Radio,40,0.9064327485380117,0.5555555555555556,0.05818306893527488,0.95,0.475,0.0,0.485,0.19,0.48,0.005,0.6,0.215
Historical,Radio,34,-0.8666666666666666,-0.6,0.028205785037136482,0.8923492240888165,0.47150259067357514,0.9585492227979274,0.43859649122807015,0.7602339181286549,0.3651685393258427,0.8595505617977528,0.4859154929577465,0.7746478873239436
Historical,Radio,42,0.8974358974358972,0.7878787878787877,0.033743520331952645,0.9224551001840686,0.55,0.01,0.57,0.085,0.475,0.025,0.605,0.085
Historical,Television,40,-0.01098901098901099,0.7435897435897434,0.03861933623896046,0.8844514723976792,0.4153846153846154,0.4256410256410256,0.5368421052631579,0.15263157894736842,0.40804597701149425,0.42528735632183906,0.5304878048780488,0.07317073170731707
Historical,Television,32,0.9411764705882352,0.7333333333333334,0.09415438458333891,0.8609734096752226,0.475,0.0,0.495,0.07,0.535,0.0,0.54,0.055
Historical,Television,43,-0.9999999999999999,1.0,0.033878135743986904,0.8441631295758111,0.28846153846153844,0.9519230769230769,0.4909090909090909,0.07272727272727272,0.32710280373831774,0.9532710280373832,0.5116279069767442,0.03488372093023256
Historical,Television,38,0.8666666666666666,0.7999999999999999,0.023942639289694836,0.907652210742275,0.525,0.075,0.457286432160804,0.10552763819095477,0.5663265306122449,0.09693877551020408,0.44680851063829785,0.12234042553191489
Historical,Steamships,42,0.3333333333333333,0.9999999999999999,0.04198908116529104,0.8297240746777552,0.54,0.405,0.4723618090452261,0.010050251256281407,0.43315508021390375,0.28342245989304815,0.4463276836158192,0.005649717514124294
Historical,Television,25,0.8181818181818181,0.16363636363636364,0.03794301816211189,0.9043279207916479,0.54,0.09,0.555,0.485,0.505,0.045,0.52,0.42
Historical,Television,34,-0.15,-0.8666666666666667,0.042752551834885626,0.8777842237576037,0.45077720207253885,0.5492227979274611,0.47368421052631576,0.9631578947368421,0.45664739884393063,0.5895953757225434,0.5389221556886228,0.9700598802395209
Historical,Crop Harvester,20,0.39999999999999997,-1.0,0.04789307272774753,0.16193178674155437,0.42408376963350786,0.3036649214659686,0.4125,1.0,0.4540540540540541,0.3621621621621622,0.5123456790123457,1.0
Historical,Television,22,0.7999999999999999,1.0,0.03133809508032953,0.5967219106970462,0.475,0.125,0.5794871794871795,0.08717948717948718,0.39,0.1,0.6043956043956044,0.13186813186813187
Historical,Crop Harvester,23,-0.5824175824175825,-0.30769230769230765,0.033804629187246485,0.5737414371462942,0.47,0.805,0.465,0.665,0.435,0.88,0.515,0.705
Historical,Crop Harvester,41,-0.9999999999999999,0.9999999999999999,0.028472213260418794,0.95,0.3224043715846995,0.9890710382513661,0.4411764705882353,0.023529411764705882,0.25748502994011974,0.9700598802395209,0.4025157232704403,0.0
Historical,Crop Harvester,39,0.1818181818181818,0.34545454545454546,0.0294904201404377,0.6162378570695854,0.465,0.375,0.435,0.3,0.56,0.47,0.5226130653266332,0.35678391959798994
Historical,Crop Harvester,16,-0.15555555555555553,-0.5,0.10015477022000346,0.0,0.5078534031413613,0.6282722513089005,0.49473684210526314,0.7947368421052632,0.5282051282051282,0.6564102564102564,0.5309278350515464,0.8041237113402062
Historical,Crop Harvester,32,0.6140350877192983,0.39887634120479476,0.10867169729391929,0.7002830527286752,0.54,0.125,0.53,0.305,0.5555555555555556,0.19696969696969696,0.5663265306122449,0.33163265306122447
Historical,Crop Harvester,23,0.9999999999999999,0.9999999999999999,0.024275707895438942,0.7910670578442254,0.51,0.065,0.56,0.06,0.535,0.065,0.6294416243654822,0.10152284263959391
Historical,Crop Harvester,30,0.9333333333333332,0.7142857142857143,0.0638282285069745,0.8569909868867452,0.59,0.0,0.48,0.09,0.605,0.005,0.61,0.12
Historical,Crop Harvester,22,-0.1208791208791209,-0.46153846153846145,0.0774189174489365,0.16025315115185396,0.5052631578947369,0.5789473684210527,0.5026455026455027,0.8359788359788359,0.5485714285714286,0.6228571428571429,0.5229885057471264,0.8103448275862069
Historical,Radio,37,0.7818181818181819,0.6,0.034030200352927066,0.6799257171871121,0.565,0.08,0.555,0.225,0.535,0.07,0.53,0.155
Historical,Television,38,0.6285714285714286,0.7473684210526316,0.05024706931052254,0.8539876963633217,0.535,0.115,0.525,0.075,0.52,0.13,0.495,0.06
Historical,Television,38,-0.6470588235294118,-0.75,0.024617324442371864,0.8711267016071631,0.3877551020408163,0.8928571428571429,0.4656084656084656,0.873015873015873,0.37777777777777777,0.8444444444444444,0.41379310344827586,0.9252873563218391
Historical,Television,27,0.6380952380952382,0.38461538461538464,0.06088601213601216,0.7885432719551809,0.49,0.14,0.465,0.31,0.5728643216080402,0.20603015075376885,0.5025380710659898,0.28426395939086296
Historical,Television,34,-0.7362637362637363,-0.7948717948717947,0.035824713345753594,0.9254289544174112,0.2923076923076923,0.8564102564102564,0.4381443298969072,0.9329896907216495,0.27388535031847133,0.7961783439490446,0.44516129032258067,0.9806451612903225
Historical,Television,26,0.7454545454545454,0.8222222222222221,0.035693022963020266,0.9201522260701883,0.475,0.075,0.535,0.1,0.505,0.055,0.695,0.07
Historical,Television,40,0.16176470588235295,0.13333333333333333,0.03331921645445932,0.9232396537219336,0.455,0.345,0.46,0.4,0.475,0.4,0.58,0.51
Historical,Television,28,0.7582417582417583,0.8974358974358972,0.03837006095371709,0.8741844680805156,0.51,0.03,0.475,0.01,0.505,0.045,0.525,0.01
Historical,Television,40,0.7142857142857142,0.7142857142857143,0.03922231630552895,0.7432029666606492,0.55,0.16,0.51,0.13,0.531578947368421,0.14210526315789473,0.48633879781420764,0.14207650273224043
Historical,Radio,30,0.8095238095238096,0.6483516483516484,0.08077411241198773,0.7818570978516897,0.51,0.04,0.47,0.135,0.605,0.035,0.63,0.2
Historical,Steamships,45,0.6190476190476191,0.7333333333333333,0.03630874034167301,0.69016185508812,0.51,0.14,0.4723618090452261,0.12060301507537688,0.5544041450777202,0.22279792746113988,0.5222222222222223,0.1
Historical,Concentrated Solar Power,35,0.7352941176470588,0.4871794871794871,0.06500084010849176,0.8735751231864883,0.57,0.05,0.535,0.25,0.59,0.095,0.59,0.32
Historical,Electricity,37,-0.9444444444444445,0.3571428571428571,0.024211349728821715,0.7283116144934361,0.385,0.99,0.43005181347150256,0.26424870466321243,0.3522727272727273,0.9602272727272727,0.42073170731707316,0.24390243902439024
Historical,Electricity,37,-0.23076923076923073,0.8787878787878787,0.027022397495124934,0.693471110247453,0.495,0.61,0.525,0.01,0.4824120603015075,0.6080402010050251,0.5175879396984925,0.02512562814070352
Historical,Electricity,37,0.4248366013071896,0.8382352941176471,0.03188774573550056,0.7586113656141135,0.485,0.28,0.51,0.045,0.465,0.25,0.475,0.015
Historical,Electricity,26,-0.37777777777777777,0.6666666666666666,0.037232627053027156,0.7085889715567113,0.455,0.665,0.495,0.12,0.45,0.675,0.56,0.165
Historical,Electricity,36,0.5294117647058822,-0.11666666666666665,0.0314045099453625,0.8305437502985972,0.51,0.19,0.485,0.54,0.47,0.185,0.425,0.47
Historical,Electricity,37,0.15,0.7333333333333334,0.03526426949898875,0.7238877267374313,0.44,0.39,0.43,0.075,0.51,0.42,0.54,0.07
Historical,Electricity,36,0.1111111111111111,0.8333333333333334,0.028631082385128223,0.8416548825655321,0.445,0.41,0.48,0.055,0.455,0.41,0.51,0.02
Historical,Electricity,35,0.48333333333333334,0.7523809523809525,0.03658673093754373,0.8919767442453972,0.505,0.225,0.46,0.1,0.475,0.25,0.55,0.055
Historical,Television,27,-0.06666666666666665,-0.9999999999999999,0.023466855963726854,0.8949596770055753,0.5303030303030303,0.601010101010101,0.3742690058479532,0.9532163742690059,0.5371428571428571,0.5942857142857143,0.2727272727272727,0.9090909090909091
Historical,Electricity,37,0.8499999999999999,0.9428571428571428,0.0285267063612333,0.6678940901570062,0.44,0.015,0.46,0.01,0.47738693467336685,0.04522613065326633,0.4898989898989899,0.025252525252525252
Historical,Electricity,24,0.6,0.9999999999999999,0.04641582595723209,0.562753592483121,0.49246231155778897,0.271356783919598,0.45263157894736844,0.10526315789473684,0.4690721649484536,0.27319587628865977,0.5502958579881657,0.07692307692307693
Historical,Electricity,24,-0.6428571428571428,0.8095238095238096,0.03458980522252001,0.5855424505691283,0.3939393939393939,0.8282828282828283,0.5243243243243243,0.07027027027027027,0.41304347826086957,0.7663043478260869,0.4476744186046512,0.046511627906976744
Historical,Electricity,37,-0.19999999999999998,1.0,0.025679808137332498,0.6031190691880839,0.4873096446700508,0.6091370558375635,0.437125748502994,0.029940119760479042,0.47058823529411764,0.5823529411764706,0.4647887323943662,0.04225352112676056
Historical,Electricity,37,0.8717948717948716,0.7878787878787877,0.030664690844493588,0.6242421366425784,0.43,0.01,0.47,0.055,0.465,0.03,0.485,0.04
Historical,Electricity,34,-0.9047619047619049,-0.2,0.0972047884794855,0.377626618191645,0.4797979797979798,0.9848484848484849,0.5128205128205128,0.6153846153846154,0.4947916666666667,0.9791666666666666,0.5054347826086957,0.5869565217391305
Historical,Telephones,26,0.6190476190476191,0.9340659340659341,0.05514366856087906,0.904705916577658,0.505,0.13,0.48,0.005,0.51,0.115,0.61,0.015
Historical,Real-Time Gross Settlement Adoption,27,0.6483516483516484,0.564102564102564,0.050416838914149276,0.8848103235513588,0.5,0.13,0.52,0.24,0.495,0.11,0.63,0.24
Historical,Power Steering,34,-0.9999999999999999,-0.39999999999999997,0.04933471874719913,0.8878672756009045,0.28865979381443296,0.8969072164948454,0.40384615384615385,0.6538461538461539,0.17708333333333334,0.875,0.4032258064516129,0.6774193548387096
Historical,Telephones,24,0.6444444444444444,1.0,0.03950165529239876,0.9441283832988208,0.485,0.15,0.51,0.005,0.475,0.14,0.67,0.005
Historical,Microcomputers,33,-0.9999999999999999,0.6666666666666669,0.03382417118798169,0.7805335255185897,0.5808080808080808,0.9848484848484849,0.4222222222222222,0.24444444444444444,0.4808743169398907,0.9890710382513661,0.48322147651006714,0.2080536912751678
Historical,Television,30,1.0,,0.028342612350905256,0.7737820412528997,0.5146198830409356,0.08771929824561403,0.3541666666666667,,0.5,0.045454545454545456,0.4628099173553719,
Historical,Cable TV,30,0.6666666666666669,,0.032038912466072794,0.8073448108211716,0.49473684210526314,0.28421052631578947,0.3402061855670103,,0.50625,0.28125,0.5274725274725275,
Historical,Cellphones,18,0.16666666666666666,0.5714285714285714,0.04109797836327543,0.8965950419378134,0.555,0.465,0.59,0.26,0.43,0.355,0.71,0.255
Historical,Cellphones,15,0.7142857142857142,0.6190476190476191,0.0762929928234203,0.6874582404786508,0.535,0.125,0.575,0.23,0.53,0.105,0.65,0.23
Historical,Cellphones,14,0.9047619047619049,0.3333333333333333,0.06438728515638645,0.7189955390604642,0.4472361809045226,0.04020100502512563,0.4153846153846154,0.358974358974359,0.4947916666666667,0.041666666666666664,0.4619883040935672,0.4152046783625731
Historical,Cellphones,19,0.3333333333333333,0.7777777777777778,0.041064331029342746,0.8504068443233257,0.62,0.355,0.665,0.155,0.53,0.32,0.735,0.12
Historical,Cellphones,12,0.7999999999999999,1.0,0.09635851123459334,0.6662430798045761,0.4072164948453608,0.13917525773195877,0.43103448275862066,0.14655172413793102,0.4438202247191011,0.16292134831460675,0.43859649122807015,0.09649122807017543
Historical,Cellphones,17,0.8666666666666666,0.8888888888888888,0.04991661215664831,0.8236407818351812,0.53,0.02,0.55,0.01,0.495,0.015,0.635,0.03
Historical,Cellphones,12,0.7999999999999999,1.0,0.08351661381701579,0.805226640539565,0.37433155080213903,0.11229946524064172,0.3387096774193548,0.04838709677419355,0.4011627906976744,0.08139534883720931,0.5128205128205128,0.16666666666666666
Historical,Cellphones,12,0.8666666666666666,0.7999999999999999,0.14126920205802512,0.29102941350711814,0.5166666666666667,0.1111111111111111,0.4533333333333333,0.14,0.5131578947368421,0.09210526315789473,0.49193548387096775,0.11290322580645161
Historical,Cellphones,15,0.9999999999999998,1.0,0.07120457022932893,0.806503323556217,0.56,0.01,0.565,0.0,0.51,0.0,0.655,0.0
Historical,Cellphones,13,0.7999999999999999,1.0,0.08785562134668819,0.7362718106347209,0.475,0.09,0.49162011173184356,0.1005586592178771,0.47,0.105,0.5517241379310345,0.13793103448275862
Historical,Cellphones,16,0.5,0.7142857142857142,0.04851448205464976,0.8506859169522831,0.495,0.245,0.5,0.15,0.505,0.2,0.58,0.15
Historical,Cellphones,18,0.7142857142857142,0.9047619047619049,0.038886073301580164,0.8968987089899335,0.5,0.12,0.635,0.045,0.535,0.115,0.82,0.06
Historical,Television,28,-0.7142857142857143,0.2,0.03239490416844018,0.39542546921507576,0.42441860465116277,0.877906976744186,0.4805194805194805,0.4090909090909091,0.4899328859060403,0.8120805369127517,0.5390070921985816,0.45390070921985815
Historical,Cellphones,12,0.7999999999999999,1.0,0.08569291804693611,0.7910563010751719,0.4293193717277487,0.13089005235602094,0.43333333333333335,0.11666666666666667,0.36,0.14285714285714285,0.5263157894736842,0.11842105263157894
Historical,Wet Flue Gas Desulfurization Systems,28,0.42857142857142855,-0.025641025641025637,0.03528008911181711,0.7647557163460778,0.46,0.265,0.415,0.46,0.4472361809045226,0.2613065326633166,0.4793814432989691,0.4948453608247423
Historical,Telephones,28,0.8095238095238096,-0.05494505494505495,0.029215735258782124,0.9079832352026386,0.495,0.03,0.435,0.47,0.51,0.03,0.4321608040201005,0.4723618090452261
Historical,Wet Flue Gas Desulfurization Systems,28,0.8571428571428571,0.4285714285714286,0.07740857853551479,0.6646085127827426,0.49,0.025,0.555,0.345,0.505,0.085,0.61,0.405
Historical,Television,28,-0.14285714285714285,0.025641025641025637,0.041476212737818006,0.46171515961608894,0.39,0.455,0.43,0.42,0.4494949494949495,0.5606060606060606,0.5482233502538071,0.5380710659898477
Historical,Cellphones,15,0.6428571428571428,0.7142857142857143,0.06957132831887385,0.4735990212253735,0.515,0.16,0.52,0.205,0.565,0.165,0.57,0.225
Historical,Cellphones,12,0.6,1.0,0.07127600901648251,0.8955785733636142,0.478494623655914,0.3279569892473118,0.5576923076923077,0.21153846153846154,0.47305389221556887,0.281437125748503,0.6363636363636364,0.18181818181818182
Historical,Cellphones,13,1.0,,0.05324517313168295,0.8443309243925008,0.4860335195530726,0.17318435754189945,0.38095238095238093,,0.4556213017751479,0.11242603550295859,0.4925373134328358,
Historical,Telephones,28,0.4666666666666667,0.4945054945054945,0.02777234176102758,0.7671550960496111,0.43005181347150256,0.17616580310880828,0.45555555555555555,0.2777777777777778,0.39766081871345027,0.19298245614035087,0.538961038961039,0.2857142857142857
Historical,Cellphones,15,0.33333333333333337,0.9999999999999999,0.052245271839574135,0.853117185539862,0.445,0.305,0.57,0.08,0.545,0.35,0.62,0.05
Historical,Telephones,28,-0.4666666666666666,0.6,0.024686477112477866,0.6946521003273245,0.45454545454545453,0.7525252525252525,0.4473684210526316,0.17894736842105263,0.3879781420765027,0.6939890710382514,0.4269005847953216,0.15789473684210525
Historical,Insect-Resistant Cotton,27,-0.05128205128205127,-0.0909090909090909,0.02872495936255154,0.95,0.49,0.52,0.507537688442211,0.5678391959798995,0.4321608040201005,0.46733668341708545,0.42424242424242425,0.4696969696969697
Historical,Herbicide-Tolerant Soybeans,27,-0.8181818181818181,-0.7454545454545454,0.025263883863616245,0.95,0.44,0.905,0.45685279187817257,0.8629441624365483,0.36787564766839376,0.9067357512953368,0.3858695652173913,0.8695652173913043
Historical,Herbicide-Tolerant Cotton,27,-0.7948717948717947,0.1818181818181818,0.027697917905714933,0.95,0.49238578680203043,0.9289340101522843,0.5128205128205128,0.40512820512820513,0.28415300546448086,0.8579234972677595,0.40229885057471265,0.3448275862068966
Historical,Herbicide-Tolerant Corn,24,-0.15555555555555553,-0.4444444444444444,0.03518876110097273,0.95,0.48,0.59,0.49,0.755,0.435,0.56,0.475,0.79
Historical,Insect-Resistant Corn,26,-0.1212121212121212,0.0909090909090909,0.030839212117263006,0.95,0.465,0.525,0.435,0.41,0.505,0.565,0.535,0.455
Historical,Cellphones,13,0.5238095238095238,0.3333333333333333,0.08541210234254762,0.7723141080185333,0.5025125628140703,0.25125628140703515,0.46875,0.421875,0.4947916666666667,0.17708333333333334,0.5202312138728323,0.4393063583815029
Historical,Cellphones,16,0.2222222222222222,0.42857142857142855,0.04552656390566321,0.918791297876108,0.535,0.425,0.63,0.33,0.48,0.365,0.555,0.315
Historical,Telephones,23,0.7090909090909091,0.9555555555555554,0.03774817887815951,0.7373395410571613,0.51,0.085,0.525,0.015,0.57,0.075,0.68,0.01
Historical,Cellphones,14,0.5238095238095238,0.8666666666666666,0.07235518894757072,0.6415307821577837,0.475,0.21,0.49748743718592964,0.09547738693467336,0.515,0.235,0.545,0.1
Historical,Cellphones,13,0.7333333333333333,0.9999999999999999,0.07966878448696846,0.8913106834100706,0.47,0.15,0.457286432160804,0.11557788944723618,0.5025125628140703,0.135678391959799,0.5027624309392266,0.13812154696132597
Historical,Air-Source Heat Pumps,20,-0.3636363636363636,-0.1272727272727273,0.06203675023297432,0.4317412974268066,0.425,0.7,0.485,0.555,0.485,0.735,0.525,0.605
Historical,Television,19,0.6428571428571428,0.23809523809523814,0.06961417531745737,0.20612258608717846,0.58,0.195,0.585,0.46,0.54,0.2,0.525,0.425
Historical,Television,26,0.2087912087912088,0.8717948717948716,0.038161812823082855,0.7815030071268828,0.4583333333333333,0.3888888888888889,0.4744525547445255,0.014598540145985401,0.44594594594594594,0.3310810810810811,0.5074626865671642,0.014925373134328358
Historical,Latent Heat Storage,20,0.9636363636363636,0.8666666666666666,0.08433038643826567,0.3305882690061113,0.5,0.005,0.5,0.03,0.585,0.0,0.515,0.02
Historical,Latent Heat Storage,17,0.9444444444444445,0.0,0.08756954292358304,0.3322573778636315,0.445,0.005,0.495,0.505,0.51,0.005,0.52,0.54
Historical,Lead-Acid Battery Storage,30,0.5294117647058822,0.65,0.06006118968526633,0.2624447341637522,0.46808510638297873,0.1595744680851064,0.4574468085106383,0.11702127659574468,0.5568181818181818,0.2215909090909091,0.5549132947976878,0.1329479768786127
Historical,Lead-Acid Battery Storage,30,0.7499999999999999,0.7999999999999999,0.046533690305058065,0.6896667768350295,0.52,0.085,0.535,0.035,0.5612244897959183,0.061224489795918366,0.5515463917525774,0.05670103092783505
Historical,Passenger Cars,20,0.4242424242424242,0.6363636363636364,0.04382295291193984,0.8773591740079574,0.54,0.285,0.555,0.165,0.495,0.22,0.58,0.16
Historical,Steamships,15,1.0,,0.046558165719877705,0.6240970085895645,0.5329949238578681,0.08629441624365482,0.5047619047619047,,0.4742857142857143,0.07428571428571429,0.5631067961165048,
Historical,Compact Fluorescent Light Bulbs,14,0.6190476190476191,0.9999999999999999,0.061213455388914255,0.913946184069748,0.51010101010101,0.20202020202020202,0.5025906735751295,0.09326424870466321,0.44387755102040816,0.17346938775510204,0.5478723404255319,0.0797872340425532
Historical,Desalination Capacity,40,0.49707602339181284,0.7254901960784316,0.042738235736273604,0.95,0.52,0.265,0.5,0.11,0.515,0.21,0.55,0.07
Historical,Television,12,-1.0,,0.05215480863374795,0.6953975011865126,0.2826086956521739,1.0,0.3333333333333333,,0.296875,1.0,0.5,
Historical,Lithium-Ion Battery Storage,12,0.6666666666666669,,0.08281167889532366,0.4489761543936625,0.4336283185840708,0.2743362831858407,0.2857142857142857,,0.4044943820224719,0.21348314606741572,0.25,
Historical,Sodium-Based Battery Storage,15,0.7333333333333333,0.7999999999999999,0.05774991174908817,0.34476834188822647,0.47,0.2,0.48148148148148145,0.14285714285714285,0.555,0.205,0.5439560439560439,0.14835164835164835
Historical,Sodium-Based Battery Storage,15,0.7333333333333333,0.6,0.05197748826558217,0.4899665325715527,0.49,0.17,0.4494949494949495,0.3181818181818182,0.47,0.125,0.49214659685863876,0.25654450261780104
Historical,Sodium-Based Battery Storage,17,0.6666666666666669,,0.08716462365175276,0.0,0.5586206896551724,0.3103448275862069,0.5865384615384616,,0.5590551181102362,0.29133858267716534,0.5375,
Historical,Flywheel Battery Storage,12,0.8666666666666666,-0.19999999999999998,0.11958962610256361,0.62886809978689,0.4896907216494845,0.08247422680412371,0.4797687861271676,0.6358381502890174,0.49404761904761907,0.10119047619047619,0.6187050359712231,0.7266187050359713
Historical,Sodium-Based Battery Storage,18,0.6666666666666669,,0.08541499969344556,0.0,0.45454545454545453,0.1487603305785124,0.4691358024691358,,0.5677966101694916,0.3220338983050847,0.5949367088607594,
Historical,Hydro Power,86,-0.4952380952380953,0.4736842105263158,0.03490027625780293,0.95,0.515,0.805,0.5,0.26,0.5,0.76,0.51,0.19
Historical,Jet Aircrafts,48,-0.12554112554112554,0.2285714285714286,0.03716159191613499,0.95,0.52,0.585,0.475,0.365,0.475,0.57,0.565,0.41
Historical,Passenger Cars,68,0.4356060606060606,0.012096774193548388,0.039960823439781475,0.95,0.52,0.27,0.515,0.51,0.505,0.275,0.535,0.535
Historical,Compact Flourescent Lightbulbs,14,0.6190476190476191,0.9999999999999999,0.06121345683789538,0.913946216234791,0.505,0.2,0.47959183673469385,0.04591836734693878,0.48186528497409326,0.08808290155440414,0.48633879781420764,0.04371584699453552
Historical,Bicycles,92,0.7674418604651163,0.9889258028792911,0.04986084230930411,0.95,0.5,0.04,0.49,0.0,0.535,0.025,0.555,0.0
Historical,Motorcycles,58,0.8029556650246304,0.164021164021164,0.042530227424203045,0.95,0.48,0.015,0.535,0.435,0.485,0.035,0.455,0.385
Historical,Washing Machines,58,0.7391304347826086,0.83399209486166,0.03411633488210537,0.95,0.505,0.105,0.47,0.06,0.48,0.07,0.52,0.02
Historical,Refrigerators,55,0.9999999999999998,-0.23809523809523814,0.023336132495732624,0.95,0.59,0.005,0.4,0.565,0.56,0.06,0.34536082474226804,0.4896907216494845
Historical,Laundry Dryers,72,0.5517241379310344,-0.43915343915343913,0.03278451410205723,0.95,0.505,0.185,0.495,0.69,0.52,0.185,0.47,0.73
Historical,Wind,29,0.48333333333333334,0.8476190476190477,0.04183901157740045,0.95,0.49,0.18,0.525,0.015,0.495,0.17,0.73,0.03
Historical,Concentrated Solar Power,34,0.7352941176470588,0.4871794871794871,0.07050714984499705,0.8713726192308026,0.53,0.055,0.5,0.23,0.6,0.05,0.635,0.39
Historical,Offshore Wind,17,0.6888888888888888,0.7777777777777778,0.0524177308484849,0.8671229597562228,0.485,0.065,0.515,0.075,0.495,0.075,0.56,0.065
Historical,High Speed Rail,23,0.45454545454545453,0.6444444444444444,0.026005029585169953,0.6826769034067074,0.5,0.275,0.605,0.135,0.535,0.24,0.73,0.165
Historical,Railroad Tracks,107,1.0,0.4666666666666666,0.03884686838886108,0.95,0.665,0.015,0.51,0.275,0.6121212121212121,0.06060606060606061,0.46357615894039733,0.23841059602649006
Historical,Latent Heat Storage,16,0.9444444444444445,0.7142857142857142,0.07871839839124543,0.49781085388817997,0.45,0.01,0.555,0.11,0.5,0.0,0.545,0.19
Historical,Lead-Acid Battery Storage,23,0.7435897435897434,0.2727272727272727,0.04347480970947702,0.35640167131843736,0.565,0.065,0.525,0.405,0.58,0.055,0.53,0.42
Historical,Pumped Hydro Storage,32,0.8166666666666667,0.2761904761904762,0.04378047891760601,0.8525413559149335,0.52,0.05,0.495,0.41,0.495,0.045,0.515,0.385
Historical,Sodium-Based Battery Storage,20,0.6,-0.05555555555555555,0.04900873322559059,0.2752177355442498,0.57,0.205,0.5,0.5555555555555556,0.51,0.19,0.4824120603015075,0.542713567839196
Historical,Wet Flue Gas Desulfurization Systems,27,0.9780219780219781,0.6666666666666665,0.03511464127482297,0.8198752417776761,0.505,0.0,0.505,0.16,0.494949494949495,0.04040404040404041,0.48936170212765956,0.1702127659574468
Historical,Desalination,40,0.49707602339181284,0.7254901960784316,0.042738235736273604,0.95,0.515,0.255,0.515,0.11,0.54,0.21,0.555,0.085
Historical,Herbicide-Tolerant Corn,22,-0.4909090909090909,-0.28888888888888886,0.02217974444806488,0.95,0.52,0.785,0.52,0.7,0.45,0.75,0.47,0.685
Historical,Insect-Resistant Corn,24,-0.2727272727272727,0.37777777777777777,0.0360074032362855,0.95,0.53,0.645,0.535,0.33,0.49,0.645,0.475,0.3
Historical,Insect-Resistant Cotton,25,-0.5151515151515151,0.2,0.03167798520164813,0.942079978714599,0.4587628865979381,0.7989690721649485,0.45077720207253885,0.40932642487046633,0.34285714285714286,0.7142857142857143,0.40625,0.31875
Historical,Herbicide-Resistant Cotton,25,0.1818181818181818,0.23636363636363636,0.032900256282238104,0.9432124081458143,0.42,0.385,0.48,0.38,0.47474747474747475,0.398989898989899,0.4427083333333333,0.34375
Historical,Herbicide-Resistant Soybeans,25,-0.9636363636363636,-0.9555555555555554,0.028680906786143837,0.95,0.4371859296482412,0.9949748743718593,0.4595959595959596,0.9595959595959596,0.4427083333333333,0.9947916666666666,0.4065934065934066,0.9725274725274725
Historical,Color TVs,38,-0.7385620915032681,-0.9558823529411764,0.02471718186897452,0.95,0.485,0.91,0.535,0.995,0.41,0.9,0.4,1.0
Historical,Microwaves,37,0.6190476190476191,0.5789473684210527,0.05335647645053774,0.9420472141276288,0.53,0.11,0.515,0.15,0.48,0.13,0.515,0.23
Historical,Vacuums,32,-0.3523809523809524,0.7802197802197802,0.033156865120516174,0.95,0.53,0.705,0.52,0.05,0.505,0.67,0.525,0.055
Historical,Telephone Landlines,70,-0.463768115942029,0.3201581027667984,0.02456955088837567,0.95,0.515,0.77,0.555,0.36,0.475,0.72,0.48,0.265
Historical,Household Air Conditioning Units,49,-0.4861660079051383,-0.45454545454545453,0.03662692966083852,0.95,0.5,0.8,0.515,0.77,0.505,0.8,0.44,0.76
Historical,Household Radios,58,-0.43333333333333324,0.782608695652174,0.031074874165061415,0.95,0.395,0.635,0.435,0.05,0.45,0.745,0.54,0.065
Historical,Air Source Heat Pump Shipments,19,-0.8222222222222221,-0.3333333333333333,0.027092096733209295,0.7890302231728811,0.34146341463414637,0.9390243902439024,0.47096774193548385,0.6064516129032258,0.21323529411764705,0.8897058823529411,0.43089430894308944,0.6260162601626016
Renewables,Solar:Afghanistan,15,-0.2857142857142857,-0.23809523809523814,0.07613103399371784,0.18284812658023064,0.46733668341708545,0.6532663316582915,0.5353535353535354,0.6515151515151515,0.4393939393939394,0.5757575757575758,0.4358974358974359,0.6102564102564103
Renewables,Solar:Australia,17,0.5555555555555556,0.6428571428571428,0.03884743601732096,0.8732559791831606,0.445,0.185,0.575,0.18,0.48,0.195,0.675,0.19
Renewables,Solar:Austria,16,0.4444444444444444,0.42857142857142855,0.07037547953156956,0.41739579276540006,0.53,0.255,0.515,0.33,0.525,0.25,0.58,0.35
Renewables,Solar:Barbados,13,1.0,,0.06609302691708023,0.2670762231956617,0.41353383458646614,0.09774436090225563,0.4418604651162791,,0.4642857142857143,0.08035714285714286,0.5909090909090909,
Renewables,Solar:Belgium,18,0.8181818181818182,0.911111111111111,0.06121459203854369,0.421830793470638,0.4494949494949495,0.045454545454545456,0.49746192893401014,0.030456852791878174,0.49230769230769234,0.03076923076923077,0.4256410256410256,0.020512820512820513
Renewables,Solar:Bulgaria,16,0.19999999999999998,-0.1111111111111111,0.09626923922244261,0.6680951442739568,0.5025125628140703,0.37185929648241206,0.4723618090452261,0.5829145728643216,0.5353535353535354,0.45454545454545453,0.5612244897959183,0.6275510204081632
Renewables,Solar:Burkina Faso,17,-0.7333333333333333,-0.19999999999999998,0.09172786002984665,0.40933041094962463,0.5175879396984925,0.9396984924623115,0.5544041450777202,0.6839378238341969,0.5431472081218274,0.8934010152284264,0.5526315789473685,0.6894736842105263
Renewables,Solar:Cape Verde,16,0.1111111111111111,-0.4000661320993193,0.13307190033116725,0.1926371564311329,0.475,0.445,0.515,0.71,0.585,0.525,0.56,0.755
Renewables,Solar:Chile,14,0.8666666666666666,-0.19999999999999998,0.05090275686511823,0.7984936841310245,0.495,0.09,0.4642857142857143,0.6224489795918368,0.484375,0.125,0.5168539325842697,0.7078651685393258
Renewables,Solar:China,14,0.8571428571428571,0.04761904761904762,0.07300633316982746,0.7260554553790697,0.5527638190954773,0.07035175879396985,0.5767195767195767,0.5767195767195767,0.5,0.07865168539325842,0.5060240963855421,0.5060240963855421
Renewables,Solar:Croatia,14,0.8571428571428571,0.23809523809523814,0.11968441551950035,0.5652186609277051,0.5532994923857868,0.07106598984771574,0.5487179487179488,0.4461538461538462,0.547486033519553,0.05027932960893855,0.5321637426900585,0.4444444444444444
Renewables,Solar:Cyprus,15,0.3571428571428571,0.4285714285714286,0.06167846045118372,0.8274569803245978,0.52,0.31,0.51,0.235,0.52,0.26,0.54,0.285
Renewables,Solar:Czechia,18,-0.41818181818181815,-0.3333333333333333,0.07811418178622775,0.47841555895911264,0.5636363636363636,0.7363636363636363,0.5272727272727272,0.6818181818181818,0.5145631067961165,0.7378640776699029,0.5098039215686274,0.7156862745098039
Renewables,Solar:Denmark,16,0.05555555555555555,0.21428571428571427,0.07112453897527013,0.3409625500117783,0.52,0.515,0.535,0.45,0.53,0.52,0.5678391959798995,0.457286432160804
Renewables,Solar:Dominican Republic,12,0.9999999999999999,0.6666666666666669,0.08321122825720803,0.0,0.43703703703703706,0.08888888888888889,0.43137254901960786,0.23529411764705882,0.4921875,0.1796875,0.4489795918367347,0.24489795918367346
Renewables,Solar:France,17,0.3333333333333333,0.5,0.05100335915178718,0.03467135154750196,0.46,0.29,0.505,0.255,0.5,0.365,0.485,0.25
Renewables,Solar:Germany,22,0.5384615384615383,0.303030303030303,0.0443239265386191,0.5824563848991244,0.5202020202020202,0.20202020202020202,0.4898989898989899,0.3434343434343434,0.5125628140703518,0.20100502512562815,0.46938775510204084,0.33163265306122447
Renewables,Solar:Greece,17,-0.5111111111111111,-0.05555555555555555,0.062238215529303004,0.5954723597301486,0.494949494949495,0.8181818181818182,0.51010101010101,0.5707070707070707,0.521505376344086,0.8172043010752689,0.5519125683060109,0.5956284153005464
Renewables,Solar:Guam,12,-0.7999999999999999,-1.0,0.09820550236904728,0.18197185442379574,0.34328358208955223,0.8656716417910447,0.36363636363636365,1.0,0.47058823529411764,0.8823529411764706,0.5294117647058824,1.0
Renewables,Solar:Hungary,12,-0.7999999999999999,0.3333333333333334,0.06946324240337466,0.8487919853228922,0.43646408839779005,0.8895027624309392,0.5384615384615384,0.5384615384615384,0.35064935064935066,0.8896103896103896,0.47619047619047616,0.47619047619047616
Renewables,Solar:India,16,0.8888888888888888,0.9285714285714285,0.057953955771704604,0.21964153741374576,0.505,0.025,0.5,0.015,0.45,0.04,0.457286432160804,0.020100502512562814
Renewables,Solar:Israel,16,0.3888888888888889,0.7857142857142856,0.05393336670375768,0.6494944789541662,0.425,0.28,0.45,0.125,0.48,0.245,0.55,0.09
Renewables,Solar:Japan,20,0.8666666666666666,0.7999999999999999,0.02618920629761574,0.7036088262293527,0.57,0.07,0.625,0.08,0.535,0.055,0.575,0.1
Renewables,Solar:Lithuania,15,0.4999999999999999,0.4285714285714286,0.08668594542661345,0.6694005645223869,0.485,0.245,0.505,0.385,0.56,0.26,0.55,0.365
Renewables,Solar:Luxembourg,21,0.8181818181818181,0.8545454545454545,0.06132067908950048,0.0,0.494949494949495,0.04040404040404041,0.43386243386243384,0.031746031746031744,0.5,0.08080808080808081,0.5026455026455027,0.05291005291005291
Renewables,Solar:Maldives,13,-1.0,,0.0712332211280129,0.16520874391888976,0.44036697247706424,1.0,0.5675675675675675,,0.4957983193277311,1.0,0.46,
Renewables,Solar:Namibia,17,0.9047619047619049,0.7333333333333333,0.08940927657435814,0.0,0.49,0.01,0.51,0.165,0.485,0.05,0.46,0.16
Renewables,Solar:Netherlands,14,0.06666666666666665,0.7999999999999999,0.054668298318388354,0.7098308978467036,0.49,0.49,0.5376884422110553,0.1658291457286432,0.52,0.505,0.5347593582887701,0.1925133689839572
Renewables,Solar:New Caledonia,12,1.0,,0.06549127131942076,0.5962179551298558,0.4074074074074074,0.12962962962962962,0.16666666666666666,,0.5333333333333333,0.17777777777777778,0.3333333333333333,
Renewables,Solar:Pakistan,12,0.6,0.19999999999999998,0.11351272215311436,0.5119925527115659,0.43169398907103823,0.2568306010928962,0.4411764705882353,0.4411764705882353,0.5,0.29012345679012347,0.4957983193277311,0.4957983193277311
Renewables,Solar:Palestine,12,0.0,0.3333333333333334,0.06508728085585949,0.5069429673360238,0.46153846153846156,0.5692307692307692,0.6153846153846154,0.6153846153846154,0.43137254901960786,0.5784313725490197,0.6333333333333333,0.6333333333333333
Renewables,Solar:Panama,12,0.9999999999999999,0.0,0.06302745286116641,0.6348788617358012,0.5323741007194245,0.16546762589928057,0.6666666666666666,0.7142857142857143,0.47692307692307695,0.08461538461538462,0.4782608695652174,0.6304347826086957
Renewables,Solar:Portugal,18,0.911111111111111,1.0,0.06557940816009875,0.8383139677729751,0.545,0.0,0.545,0.005,0.575,0.0,0.66,0.0
Renewables,Solar:Romania,15,-0.4444444444444444,-0.3571428571428571,0.09944556776703477,0.4152722513165949,0.49404761904761907,0.7440476190476191,0.46987951807228917,0.7048192771084337,0.4968553459119497,0.8050314465408805,0.567741935483871,0.7548387096774194
Renewables,Solar:Slovenia,17,0.5555555555555555,0.5555555555555556,0.06833263877595074,0.6036119493884067,0.54,0.155,0.545,0.195,0.505,0.145,0.515,0.25
Renewables,Solar:South Africa,14,0.23809523809523814,0.4666666666666666,0.06159101020694968,0.7274115220167487,0.48,0.39,0.4696969696969697,0.2878787878787879,0.49222797927461137,0.36787564766839376,0.5343915343915344,0.31216931216931215
Renewables,Solar:South Korea,19,0.5555555555555556,0.8571428571428571,0.037889758259791774,0.49182614057596885,0.58,0.225,0.64,0.08,0.5,0.185,0.615,0.075
Renewables,Solar:Spain,20,0.303030303030303,0.7090909090909091,0.051523539849017586,0.7705813833021303,0.54,0.355,0.55,0.12,0.54,0.325,0.61,0.125
Renewables,Solar:Sri Lanka,12,0.8666666666666666,-0.19999999999999998,0.11888314298866684,0.0,0.45294117647058824,0.08235294117647059,0.3893805309734513,0.5929203539823009,0.5471698113207547,0.12578616352201258,0.4634146341463415,0.6260162601626016
Renewables,Solar:Switzerland,17,0.9555555555555554,0.7222222222222222,0.07448192369588515,0.0,0.4723618090452261,0.005025125628140704,0.4797979797979798,0.05555555555555555,0.525,0.005,0.47,0.11
Renewables,Solar:Taiwan,15,0.14285714285714288,0.8666666666666666,0.04797321420179689,0.8987928963147139,0.545,0.515,0.625,0.11,0.575,0.475,0.645,0.115
Renewables,Solar:Turkey,12,-0.2,-0.9999999999999999,0.08281510063521284,0.4780117564005379,0.3816793893129771,0.5877862595419847,0.3225806451612903,0.7580645161290323,0.43243243243243246,0.5405405405405406,0.3559322033898305,0.864406779661017
Renewables,Solar:United Arab Emirates,13,0.9999999999999999,0.39999999999999997,0.08863727647364035,0.3162673334513783,0.5408163265306123,0.10714285714285714,0.50920245398773,0.38650306748466257,0.48717948717948717,0.041025641025641026,0.4936708860759494,0.34177215189873417
Renewables,Solar:United States,15,0.2857142857142857,0.33333333333333337,0.054783413924144056,0.8168877907161739,0.4623115577889447,0.35678391959798994,0.46464646464646464,0.3333333333333333,0.5279187817258884,0.37055837563451777,0.5752688172043011,0.3870967741935484
Renewables,Wind:Argentina,16,0.9047619047619049,0.7333333333333333,0.06394446358606609,0.6387785769287976,0.59,0.045,0.645,0.265,0.51,0.015,0.58,0.175
Renewables,Wind:Australia,25,0.9230769230769229,0.909090909090909,0.043022651997604626,0.6569223909248159,0.585,0.0,0.57,0.025,0.51,0.01,0.51,0.02
Renewables,Wind:Austria,25,0.4285714285714286,0.4666666666666666,0.05458769644247186,0.5932776349744516,0.52,0.305,0.515,0.33,0.4642857142857143,0.24489795918367346,0.5078534031413613,0.3193717277486911
Renewables,Wind:Belgium,22,0.8181818181818181,0.9272727272727274,0.05817659059672133,0.0,0.5125628140703518,0.035175879396984924,0.4489795918367347,0.015306122448979591,0.49238578680203043,0.05583756345177665,0.4947916666666667,0.010416666666666666
Renewables,Wind:Brazil,18,0.6666666666666669,,0.035681696330488455,0.6549860106070234,0.42346938775510207,0.18877551020408162,0.38461538461538464,,0.4692737430167598,0.19553072625698323,0.4015151515151515,
Renewables,Wind:Canada,23,1.0,0.4666666666666666,0.0460749086377592,0.32956102003545723,0.48,0.005,0.4472361809045226,0.2814070351758794,0.4824120603015075,0.0,0.4845360824742268,0.30412371134020616
Renewables,Wind:Chile,18,0.7222222222222222,0.8571428571428571,0.03700541923741325,0.3720463368676248,0.43,0.095,0.415,0.045,0.545,0.095,0.47474747474747475,0.03535353535353535
Renewables,Wind:China,20,0.8909090909090909,0.5111111111111111,0.02957138144165829,0.59476553021783,0.545,0.025,0.52,0.22,0.515,0.02,0.48,0.195
Renewables,Wind:Denmark,39,0.9238095238095239,0.8681318681318682,0.0514386266204275,0.26365167746793994,0.505,0.015,0.535,0.035,0.56,0.02,0.545,0.04
Renewables,Wind:Dominican Republic,16,-0.3333333333333333,-0.19999999999999998,0.07458642803028191,0.4357861787478425,0.44385026737967914,0.5721925133689839,0.3870967741935484,0.5483870967741935,0.5086705202312138,0.7167630057803468,0.4676258992805755,0.6330935251798561
Renewables,Wind:Estonia,23,0.7904761904761906,0.8681318681318682,0.08946280001310486,0.22052750655436115,0.47,0.025,0.47738693467336685,0.01507537688442211,0.5515463917525774,0.05154639175257732,0.5052631578947369,0.02631578947368421
Renewables,Wind:Faroe Islands,22,0.3333333333333333,-0.19999999999999998,0.11738981340298515,0.3254722656985286,0.5477386934673367,0.4371859296482412,0.5052083333333334,0.640625,0.5736040609137056,0.4467005076142132,0.5595854922279793,0.6580310880829016
Renewables,Wind:Finland,17,0.8222222222222221,0.8333333333333334,0.05432301618704196,0.41514015219731804,0.515,0.045,0.485,0.05,0.525,0.04,0.53,0.06
Renewables,Wind:France,20,0.7818181818181819,0.8666666666666666,0.04477014091943998,0.0,0.535,0.065,0.5376884422110553,0.04522613065326633,0.525,0.055,0.53,0.04
Renewables,Wind:Germany,30,0.846153846153846,0.9696969696969696,0.04803785957319397,0.312082707069241,0.46,0.005,0.42,0.0,0.58,0.015,0.525,0.0
Renewables,Wind:Greece,28,0.30769230769230765,0.4242424242424242,0.04769641006042143,0.6484862595236008,0.505,0.315,0.5,0.295,0.56,0.4,0.545,0.31
Renewables,Wind:Ireland,30,0.6969696969696969,0.9272727272727274,0.04354688352381747,0.12434681930605616,0.49,0.13,0.45,0.015,0.54,0.13,0.5505050505050505,0.030303030303030304
Renewables,Wind:Italy,27,0.3333333333333333,0.7999999999999999,0.042654831605582484,0.30066339083093574,0.555,0.43,0.5555555555555556,0.16161616161616163,0.5276381909547738,0.4321608040201005,0.5555555555555556,0.13756613756613756
Renewables,Wind:Jamaica,17,0.7090909090909091,0.6888888888888888,0.06890191561143832,0.40790327375532126,0.5,0.085,0.5,0.11,0.5353535353535354,0.06565656565656566,0.5230769230769231,0.13846153846153847
Renewables,Wind:Lithuania,20,0.7999999999999999,-1.0,0.07759033709742619,0.2875820781017479,0.4146341463414634,0.1524390243902439,0.3645833333333333,1.0,0.46715328467153283,0.1678832116788321,0.4069767441860465,1.0
Renewables,Wind:Luxembourg,28,-0.025641025641025637,-0.2727272727272727,0.08549148173287108,0.44798904521392496,0.515,0.52,0.51,0.645,0.495,0.515,0.51,0.64
Renewables,Wind:Mexico,19,1.0,0.4666666666666666,0.053048167295100354,0.47345366603416555,0.4888888888888889,0.011111111111111112,0.4049079754601227,0.24539877300613497,0.5227272727272727,0.028409090909090908,0.3691275167785235,0.24161073825503357
Renewables,Wind:Morocco,28,0.3888888888888889,0.7142857142857142,0.04682038266557963,0.5962010180351281,0.465,0.24,0.51,0.16,0.485,0.35,0.615,0.185
Renewables,Wind:Netherlands,31,0.8823529411764707,0.926470588235294,0.05959757209940347,0.7106084247803591,0.51,0.0,0.505,0.0,0.555,0.0,0.515,0.0
Renewables,Wind:New Zealand,28,0.6911764705882353,0.41666666666666663,0.06077732761644384,0.7529292919775158,0.5045871559633027,0.12844036697247707,0.4342105263157895,0.34210526315789475,0.49230769230769234,0.1,0.45794392523364486,0.2336448598130841
Renewables,Wind:Norway,22,0.8205128205128204,0.909090909090909,0.06188297165539445,0.5866028867627078,0.49,0.02,0.485,0.0,0.565,0.015,0.56,0.005
Renewables,Wind:Poland,21,0.0,,0.05033533697186829,0.23861526289374776,0.4550898203592814,0.5149700598802395,0.4090909090909091,,0.55625,0.6125,0.5526315789473685,
Renewables,Wind:Spain,29,-0.19999999999999998,-0.6666666666666669,0.04004156984611794,0.5470788221769451,0.47126436781609193,0.5919540229885057,0.41904761904761906,0.8571428571428571,0.4779874213836478,0.559748427672956,0.39603960396039606,0.8217821782178217
Renewables,Wind:Sri Lanka,18,0.611111111111111,0.4999999999999999,0.06901461199522375,0.5130712809814642,0.5425531914893617,0.14361702127659576,0.48936170212765956,0.25,0.5416666666666666,0.19047619047619047,0.5059523809523809,0.30357142857142855
Renewables,Wind:Sweden,25,0.846153846153846,0.8787878787878787,0.05253879102604057,0.4517181957322788,0.48,0.015,0.485,0.025,0.53,0.055,0.535,0.035
Renewables,Wind:Turkey,20,0.6,0.5555555555555556,0.0293703780850986,0.45021968017132286,0.5025125628140703,0.20100502512562815,0.48205128205128206,0.22564102564102564,0.48,0.185,0.4734042553191489,0.20212765957446807
Renewables,Wind:United Kingdom,23,0.8666666666666666,0.9444444444444445,0.03711185891717729,0.0,0.475,0.03,0.49,0.015,0.565,0.045,0.515,0.015
Renewables,Wind:United States,26,0.4848484848484848,0.2727272727272727,0.034977013271830025,0.7319638820809741,0.53,0.275,0.525,0.395,0.485,0.235,0.475,0.315
BEV,China,12,0.7999999999999999,0.6666666666666669,0.07729057583506393,0.6311045870966802,0.4067796610169492,0.11864406779661017,0.3620689655172414,0.27586206896551724,0.44516129032258067,0.12903225806451613,0.527027027027027,0.4189189189189189
BEV,Czechia,13,0.9999999999999999,0.7999999999999999,0.08876244836592356,0.5358372914738669,0.52,0.01,0.4947916666666667,0.18229166666666666,0.44329896907216493,0.05154639175257732,0.5294117647058824,0.18235294117647058
BEV,Denmark,13,-0.2,0.9999999999999999,0.08965327758221242,0.8282593141768213,0.54,0.655,0.5376884422110553,0.1457286432160804,0.44,0.62,0.4731182795698925,0.08602150537634409
BEV,France,15,0.8095238095238096,0.9999999999999999,0.0639994332507763,0.5791846841750871,0.48,0.055,0.535,0.08,0.545,0.065,0.585,0.06
BEV,Germany,13,0.6666666666666669,,0.11883935767812409,0.2961552476944446,0.45977011494252873,0.2471264367816092,0.5263157894736842,,0.5850340136054422,0.3673469387755102,0.6164383561643836,
BEV,Luxembourg,14,0.5238095238095238,0.8666666666666666,0.07459011005914522,0.774423776775765,0.525,0.29,0.56,0.095,0.53,0.255,0.67,0.12
BEV,Norway,16,0.4285714285714286,0.8666666666666666,0.03937505913802174,0.6263610104151681,0.44,0.305,0.505,0.125,0.495,0.315,0.6,0.07
BEV,Spain,12,-0.19999999999999998,0.0,0.08809135292058069,0.0,0.42528735632183906,0.5862068965517241,0.4444444444444444,0.625,0.5084745762711864,0.6836158192090396,0.4673913043478261,0.5978260869565217
BEV,Sweden,13,0.39999999999999997,1.0,0.09405254846444762,0.6216838211405339,0.40816326530612246,0.32653061224489793,0.41216216216216217,0.1554054054054054,0.4419889502762431,0.30386740331491713,0.4745762711864407,0.09322033898305085
BEV,Switzerland,14,0.7333333333333333,0.7999999999999999,0.06886331498311704,0.5077140059699445,0.465,0.125,0.5,0.14285714285714285,0.53,0.195,0.5737704918032787,0.17486338797814208
BEV,USA,15,0.8095238095238096,0.4666666666666666,0.08002948215016717,0.663107685991503,0.54,0.115,0.58,0.365,0.535,0.035,0.655,0.37
