idx,tech,country,scale,series_type,n_pts,year_start,excluded,excl_reason,end_frac,start_frac,s_score,r2_logistic,r2_linear,has_inflection,growth_range
0,Railroad,Norway,National,saturating,147,1825,False,,1.0,0.0,0.406,0.962,0.5559,True,0.313
1,Railroad,France,National,saturating,116,1825,False,,1.0,0.0,0.255,0.9701,0.715,True,0.414
2,Railroad,Finland,National,saturating,176,1825,False,,1.0,0.0,0.3208,0.9716,0.6508,True,0.273
3,Railroad,Sweden,National,saturating,134,1825,False,,1.0,0.0,0.6904,0.9971,0.3067,True,0.104
4,Railroad,Denmark,National,saturating,113,1825,False,,1.0,0.0,0.6065,0.9998,0.3933,True,0.027
5,Railroad,Italy,National,pre_saturation,176,1825,False,,1.0,0.0,0.1263,0.9945,0.8683,True,0.477
6,Railroad,Portugal,National,pre_saturation,176,1825,False,,1.0,0.0,0.1841,0.9638,0.7796,True,0.324
7,Railroad,United Kingdom,National,saturating,126,1825,False,,1.0,0.0,0.1104,0.9918,0.8814,True,0.476
8,Railroad,Spain,National,saturating,144,1825,False,,1.0,0.0,0.4977,0.9932,0.4954,True,0.201
9,Railroad,United States,National,saturating,106,1830,False,,1.0,0.0,0.0488,0.9378,0.889,False,0.679
10,Railroad,Panama,National,saturating,170,1830,False,,1.0,0.0,0.2586,0.9999,0.7414,True,0.012
11,Railroad,Switzerland,National,saturating,122,1825,False,,1.0,0.0,0.2629,0.8137,0.5508,True,0.262
12,Railroad,Belgium,National,saturating,117,1825,False,,1.0,0.0,0.0639,0.9832,0.9193,True,0.47
13,Railroad,Netherlands,National,saturating,110,1825,False,,1.0,0.0,0.3218,0.9903,0.6686,True,0.173
14,Railroad,Canada,National,saturating,144,1836,False,,1.0,0.0,0.0372,0.9265,0.8893,True,0.549
15,Railroad,Ecuador,National,saturating,124,1845,False,,1.0,0.0,0.9683,0.9953,0.0269,False,0.0
16,Railroad,Brazil,National,saturating,118,1845,False,,1.0,0.0,0.1163,0.9858,0.8694,True,0.5
17,Railroad,Uruguay,National,saturating,155,1845,False,,1.0,0.0,0.2359,0.8802,0.6443,True,0.355
18,Railroad,Paraguay,National,saturating,109,1845,False,,1.0,0.0,0.34,0.9993,0.6593,True,0.083
19,Railroad,Colombia,National,saturating,137,1845,False,,1.0,0.0,0.2915,0.893,0.6015,True,0.307
20,Railroad,Guyana,National,saturating,84,1845,False,,1.0,0.0,0.2251,0.9848,0.7597,True,0.405
21,Steamships,Denmark,National,saturating,83,1844,False,,1.0,0.0,-0.0076,0.8778,0.8854,True,0.831
22,Railroad,Japan,National,saturating,138,1853,False,,1.0,0.0,0.5086,0.9765,0.4679,True,0.217
23,Railroad,Argentina,National,saturating,117,1845,False,,1.0,0.0,0.319,0.9787,0.6598,True,0.231
25,Railroad,India,National,saturating,88,1853,False,,1.0,0.0,0.052,0.9946,0.9426,True,0.534
27,Railroad,Kenya,National,pre_saturation,137,1862,False,,1.0,0.0,0.8773,0.9951,0.1178,True,0.044
29,Railroad,Egypt,National,saturating,137,1862,False,,1.0,0.0,0.011,0.7346,0.7237,True,0.796
30,Railroad,Mauritius,National,saturating,69,1862,False,,1.0,0.0,0.3903,0.9982,0.6078,True,0.13
35,Railroad,Chile,National,saturating,83,1860,False,,1.0,0.0,0.0205,0.7068,0.6863,True,0.904
36,Railroad,Algeria,National,saturating,75,1862,False,,1.0,0.0,0.22,0.9889,0.769,True,0.227
38,Railroad,New Zealand,National,saturating,94,1865,False,,1.0,0.0,0.1152,0.9919,0.8767,True,0.436
39,Railroad,Venezuela,National,saturating,85,1870,False,,1.0,0.0,0.0063,0.8216,0.8153,True,0.518
40,Railroad,Sri Lanka,National,saturating,106,1871,False,,1.0,0.0,-0.0099,0.9537,0.9636,True,0.802
41,Railroad,Nigeria,National,saturating,126,1873,False,,1.0,0.0,0.6391,0.979,0.3399,True,0.103
42,Railroad,South Africa,National,pre_saturation,126,1873,False,,1.0,0.0,-0.0055,0.9821,0.9876,True,0.81
43,Railroad,Australia,National,saturating,86,1869,False,,1.0,0.0,0.039,0.9896,0.9506,False,0.674
44,Railroad,El Salvador,National,saturating,112,1875,False,,1.0,0.0,0.0182,0.9754,0.9572,True,0.554
45,Railroad,Nicaragua,National,saturating,82,1875,False,,1.0,0.0,0.1577,0.9924,0.8348,True,0.22
46,Steamships,United Kingdom,National,declining_structural,101,1814,False,,1.0,0.0,0.035,0.9879,0.9529,True,0.624
47,Steamships,Norway,National,pre_saturation,123,1866,False,,1.0,0.011,0.0092,0.974,0.9648,True,0.764
49,Public Roads,United States,National,saturating,121,1900,False,,1.0,0.0,0.0608,0.9992,0.9384,True,0.421
50,Railroad,Senegal,National,saturating,86,1873,False,,1.0,0.0,0.3805,0.9997,0.6192,True,0.116
51,Railroad,Guatemala,National,saturating,94,1875,False,,1.0,0.0,0.166,0.995,0.8289,True,0.223
53,Steamships,Finland,National,declining_structural,82,1839,False,,0.985,0.0,-0.0095,0.446,0.4555,True,0.829
55,Railroad,Peru,National,saturating,70,1883,False,,1.0,0.0,-0.0045,0.648,0.6525,True,0.957
56,Railroad,Honduras,National,saturating,63,1875,False,,1.0,0.0,0.139,0.9577,0.8188,True,0.302
57,Telephones,Japan,National,saturating,111,1892,False,,1.0,0.0,0.1639,0.9828,0.8189,True,0.514
58,Stove,United States,National,saturating,112,1900,False,,1.0,0.0,-0.0144,0.9571,0.9714,True,0.83
59,Passenger Cars,US,National,pre_saturation,106,1900,False,,1.0,0.0,0.34,0.9929,0.653,True,0.311
60,Railroad,Dominican Republic,National,saturating,89,1885,False,,1.0,0.0,-0.0132,0.9256,0.9388,True,0.843
61,Telephones,Italy,National,pre_saturation,108,1883,False,,1.0,0.0,0.1053,0.8903,0.785,True,0.787
62,Telephones,Switzerland,National,saturating,94,1900,False,,1.0,0.0,0.0031,0.992,0.9889,True,0.787
63,Passenger Cars,United States,National,pre_saturation,103,1900,False,,1.0,0.0,0.2583,0.9928,0.7345,True,0.379
64,Railroad,Malaysia,National,saturating,106,1886,False,,1.0,0.0,0.0029,0.9762,0.9733,True,0.604
65,Railroad,Bolivia,National,saturating,104,1890,False,,1.0,0.0,0.0651,0.6276,0.5625,True,0.808
66,Passenger Cars,France,National,pre_saturation,106,1895,False,,0.91,0.0,0.0753,0.9845,0.9092,True,0.491
67,Telephones,New Zealand,National,pre_saturation,98,1890,False,,1.0,0.0,0.1142,0.9449,0.8307,True,0.663
68,Telephones,Belgium,National,pre_saturation,103,1896,False,,0.697,0.0,0.0372,0.957,0.9197,True,0.718
69,Telephones,France,National,pre_saturation,97,1889,False,,1.0,0.0,0.0584,0.9853,0.9269,False,0.691
70,Passenger Cars,Canada,National,pre_saturation,95,1904,False,,1.0,0.0,0.2222,0.9834,0.7612,True,0.411
71,Passenger Cars,United Kingdom,National,pre_saturation,95,1904,False,,1.0,0.0,-0.0057,0.7682,0.7739,True,0.768
72,Railroad,Uganda,National,saturating,94,1905,False,,1.0,0.0,0.2223,0.9952,0.773,True,0.085
73,Railroad,Madagascar,National,saturating,94,1905,False,,1.0,0.0,-0.0151,0.9113,0.9265,True,0.83
74,Railroad,Morocco,National,pre_saturation,94,1905,False,,1.0,0.0,0.0428,0.977,0.9342,True,0.468
75,Railroad,Sudan,National,saturating,93,1906,False,,0.979,0.0,0.3217,0.9918,0.6701,True,0.129
76,Railroad,Ivory Coast,National,saturating,94,1905,False,,1.0,0.0,0.245,0.9785,0.7335,True,0.298
78,Telephones,Australia,National,pre_saturation,93,1901,False,,1.0,0.0,0.0101,0.9931,0.983,True,0.613
79,Telephones,Netherlands,National,pre_saturation,104,1900,False,,1.0,0.0,0.0382,0.9843,0.9461,False,0.692
80,Telephones,Egypt,National,pre_saturation,92,1911,False,,1.0,0.0,0.0342,0.979,0.9448,True,0.739
81,Railroad,Malawi,National,saturating,91,1905,False,,1.0,0.0,-0.0169,0.8447,0.8615,True,0.593
83,Telephones,Denmark,National,pre_saturation,91,1900,False,,1.0,0.0,0.0172,0.98,0.9628,False,0.725
84,Washing Machines,US,National,pre_saturation,89,1920,False,,1.0,0.0,0.0187,0.9918,0.973,False,0.685
85,Telephones,Uruguay,National,pre_saturation,100,1889,False,,1.0,0.061,0.0494,0.966,0.9166,True,0.8
86,Railroad,Tunisia,National,saturating,90,1909,False,,1.0,0.0,0.1802,0.961,0.7808,True,0.489
87,Passenger Cars,Norway,National,pre_saturation,87,1914,False,,0.923,0.0,0.0404,0.9781,0.9377,True,0.598
88,Refrigerators,US,National,pre_saturation,86,1918,False,,1.0,0.0,0.0229,0.9853,0.9624,False,0.733
89,Telephones,Sweden,National,pre_saturation,109,1885,False,,1.0,0.0,0.0391,0.9911,0.9519,False,0.642
90,Laundry Dryers,US,National,pre_saturation,84,1920,False,,1.0,0.0,0.0353,0.9861,0.9508,False,0.702
91,Passenger Cars,Switzerland,National,pre_saturation,91,1910,False,,1.0,0.0,0.1891,0.9562,0.7671,False,0.495
92,Passenger Cars,Italy,National,pre_saturation,86,1914,False,,1.0,0.101,0.142,0.9574,0.8154,True,0.733
93,Passenger Cars,Chile,National,pre_saturation,83,1915,False,,1.0,0.0,0.0244,0.8529,0.8286,True,0.831
94,Passenger Cars,Denmark,National,pre_saturation,87,1914,False,,1.0,0.0,0.0523,0.9971,0.9448,False,0.632
95,Telephones,Norway,National,pre_saturation,85,1900,False,,1.0,0.0,0.0835,0.9858,0.9023,True,0.6
96,Passenger Cars,Argentina,National,pre_saturation,79,1920,False,,0.774,0.0,0.0499,0.9779,0.928,True,0.582
97,Passenger Cars,Sweden,National,pre_saturation,78,1923,False,,1.0,0.078,0.1857,0.9762,0.7905,True,0.59
98,Passenger Cars,Japan,National,pre_saturation,84,1914,False,,1.0,0.0,0.096,0.965,0.8689,False,0.631
99,Passenger Cars,Ireland,National,pre_saturation,78,1923,False,,1.0,0.095,0.0587,0.9942,0.9354,True,0.615
100,Passenger Cars,Mexico,National,pre_saturation,77,1924,False,,0.8,0.0,0.0323,0.893,0.8607,True,0.87
102,Passenger Cars,Australia,National,pre_saturation,75,1923,False,,0.947,0.0,0.2134,0.9544,0.741,True,0.627
103,Radio,Finland,National,pre_saturation,74,1926,False,,1.0,0.0,-0.0259,0.8609,0.8867,False,0.892
104,Passenger Cars,South Africa,National,pre_saturation,77,1920,False,,1.0,0.0,0.0235,0.9974,0.9739,True,0.532
106,Steamships,Austria,National,pre_saturation,76,1837,False,,1.0,0.0,0.0903,0.9242,0.8338,True,0.908
107,Telephones,Hungary,National,pre_saturation,77,1922,False,,0.992,0.217,0.0326,0.9384,0.9059,True,0.636
108,Passenger Cars,Venezuela,National,pre_saturation,74,1928,False,,1.0,0.135,0.05,0.3605,0.3105,True,0.865
109,Passenger Cars,New Zealand,National,pre_saturation,74,1927,False,,1.0,0.0,-0.006,0.4007,0.4066,True,0.905
110,Railroad,Hungary,National,saturating,47,1921,True,Truncated-start,0.981,0.878,,,,False,
111,Passenger Cars,Peru,National,pre_saturation,71,1927,False,,1.0,0.0,0.0392,0.4116,0.3724,True,0.944
112,Telephones,Ireland,National,pre_saturation,70,1924,False,,1.0,0.0,-0.0136,0.9749,0.9885,True,0.686
113,Fluid Catalytic Cracking Refineries,World,Global,pre_saturation,68,1940,False,,1.0,0.0,-0.0053,0.9886,0.9939,False,0.779
114,Telephones,India,National,pre_saturation,74,1915,False,,1.0,0.0,-0.0054,0.9873,0.9927,True,0.784
115,Passenger Cars,Iraq,National,saturating,67,1927,False,,1.0,0.0,-0.0186,0.821,0.8396,True,0.881
116,Passenger Cars,Belgium,National,pre_saturation,74,1928,True,Truncated-start,1.0,0.483,,,,False,
117,Telephones,Portugal,National,pre_saturation,70,1929,False,,1.0,0.343,0.0678,0.9613,0.8935,True,0.771
118,Passenger Cars,Panama,National,pre_saturation,70,1928,False,,1.0,0.257,-0.01,0.8915,0.9015,True,0.8
119,Telephones,Argentina,National,pre_saturation,76,1913,False,,1.0,0.0,0.0379,0.9853,0.9474,False,0.75
120,Railroad,Iraq,National,saturating,55,1921,False,,0.368,0.279,0.1692,0.5772,0.408,True,0.655
121,Passenger Cars,Turkey,National,pre_saturation,74,1930,True,Truncated-start,0.391,1.0,,,,False,
122,Telephones,Sri Lanka,National,pre_saturation,67,1922,False,,1.0,0.0,0.0694,0.9663,0.8969,True,0.597
123,Passenger Cars,Egypt,National,pre_saturation,70,1928,False,,1.0,0.214,-0.0018,0.2138,0.2156,True,0.886
124,Railroad,Syria,National,pre_saturation,67,1922,False,,1.0,0.0,0.1655,0.9833,0.8178,True,0.179
125,Passenger Cars,India,National,pre_saturation,66,1935,True,Truncated-start,0.258,1.0,,,,False,
126,Passenger Cars,Malawi,National,pre_saturation,67,1926,False,,0.965,0.0,0.1251,0.8391,0.714,True,0.821
127,Telephones,South Africa,National,pre_saturation,64,1925,False,,1.0,0.0,0.025,0.9857,0.9607,True,0.859
128,Telephones,Brazil,National,pre_saturation,82,1907,False,,1.0,0.0,0.0036,0.9879,0.9843,True,0.646
129,Passenger Cars,Thailand,National,pre_saturation,68,1930,False,,1.0,0.188,0.0215,0.5138,0.4923,True,0.794
130,Passenger Cars,Portugal,National,pre_saturation,68,1931,True,Truncated-start,0.989,0.6,,,,False,
131,Steamships,Italy,National,pre_saturation,64,1862,False,,1.0,0.0,0.0087,0.8367,0.8279,True,0.906
132,Passenger Cars,Dominican Republic,National,pre_saturation,69,1928,True,Truncated-start,0.091,1.0,,,,False,
133,Passenger Cars,Kenya,National,pre_saturation,66,1932,False,,0.941,0.0,0.0426,0.993,0.9504,True,0.621
135,Passenger Cars,Malaysia,National,pre_saturation,66,1924,True,Bell/Declining,0.464,0.0,,,,False,
136,Renewable Power,Peru,National,pre_saturation,57,1965,False,,1.0,0.0,0.5924,0.9991,0.4067,True,0.088
147,Hydroelectricity,Denmark,National,pre_saturation,57,1965,True,Truncated-start,0.841,0.921,,,,False,
149,Renewable Power,France,National,pre_saturation,57,1965,False,,1.0,0.0,0.0101,0.985,0.9749,True,0.667
150,Renewable Power,Germany,National,pre_saturation,57,1965,False,,1.0,0.0,0.3233,0.9989,0.6755,True,0.123
153,Renewable Power,Chile,National,pre_saturation,57,1965,False,,0.981,0.0,0.5921,0.999,0.407,True,0.088
154,Renewable Power,Brazil,National,pre_saturation,57,1965,False,,1.0,0.0,0.319,0.9932,0.6742,True,0.211
155,Hydroelectricity,Sri Lanka,National,pre_saturation,57,1965,False,,1.0,0.0,0.0814,0.9825,0.9011,True,0.526
157,Hydroelectricity,Taiwan,National,pre_saturation,57,1965,True,Bell/Declining,0.516,0.0,,,,False,
158,Hydroelectricity,Thailand,National,pre_saturation,57,1965,False,,0.949,0.0,-0.0226,0.6848,0.7074,True,0.737
159,Hydroelectricity,Vietnam,National,pre_saturation,57,1965,False,,0.863,0.0,0.0092,0.9862,0.977,False,0.667
160,Hydroelectricity,World,Global,pre_saturation,57,1965,False,,1.0,0.0,-0.0005,0.9892,0.9897,False,0.842
162,Hydroelectricity,Czech Republic,National,pre_saturation,57,1965,True,Truncated-start,0.12,1.0,,,,False,
164,Renewable Power,US,National,pre_saturation,57,1965,False,,1.0,0.0,0.0325,0.9536,0.9211,True,0.877
165,Renewable Power,Argentina,National,pre_saturation,57,1965,False,,1.0,0.0,0.3171,0.9938,0.6767,True,0.14
166,Nuclear Energy,World,Global,saturating,46,1965,False,,1.0,0.0,-0.0071,0.9855,0.9926,False,0.804
167,Hydroelectricity,Greece,National,pre_saturation,57,1965,False,,1.0,0.0,-0.0466,0.7206,0.7672,True,0.684
168,Hydroelectricity,Canada,National,saturating,57,1965,False,,1.0,0.0,-0.0033,0.9597,0.9629,True,0.877
169,Hydroelectricity,Hungary,National,pre_saturation,57,1965,False,,1.0,0.0,-0.0056,0.0609,0.0665,True,0.877
171,Hydroelectricity,Finland,National,pre_saturation,57,1965,True,Bell/Declining,0.651,0.211,,,,False,
172,Hydroelectricity,France,National,pre_saturation,57,1965,True,Bell/Declining,0.342,0.176,,,,False,
173,Hydroelectricity,Germany,National,pre_saturation,57,1965,True,Truncated-start,0.03,0.695,,,,False,
175,Nuclear Energy,Spain,National,saturating,40,1965,False,,1.0,0.0,0.4909,0.9921,0.5012,False,0.225
176,Nuclear Energy,Sweden,National,pre_saturation,57,1965,False,,1.0,0.0,0.1886,0.485,0.2964,True,0.526
177,Nuclear Energy,Switzerland,National,pre_saturation,57,1965,False,,0.981,0.0,0.2138,0.9752,0.7614,True,0.316
178,Hydroelectricity,South Africa,National,pre_saturation,57,1965,False,,1.0,0.066,0.7393,0.919,0.1797,False,0.123
180,Hydroelectricity,Australia,National,pre_saturation,57,1965,False,,1.0,0.082,0.1396,0.9858,0.8463,True,0.474
181,Nuclear Energy,United Kingdom,National,pre_saturation,57,1965,False,,0.931,0.0,0.1575,0.8952,0.7376,True,0.754
182,Hydroelectricity,Bangladesh,National,pre_saturation,57,1965,False,,1.0,0.0,0.5924,0.9991,0.4067,True,0.088
183,Hydroelectricity,China,National,pre_saturation,57,1965,False,,1.0,0.25,0.0981,0.6828,0.5847,True,0.825
187,Hydroelectricity,India,National,pre_saturation,57,1965,False,,0.987,0.0,-0.0004,0.9894,0.9897,True,0.649
188,Hydroelectricity,Indonesia,National,pre_saturation,57,1965,True,Bell/Declining,0.08,0.245,,,,False,
191,Hydroelectricity,Morocco,National,pre_saturation,57,1965,True,Truncated-start,1.0,0.715,,,,False,
192,Nuclear Energy,Slovakia,National,pre_saturation,57,1965,False,,1.0,0.0,0.9085,0.9984,0.0899,False,0.018
193,Hydroelectricity,Chile,National,pre_saturation,57,1965,False,,1.0,0.256,0.0307,0.2815,0.2508,True,0.86
194,Nuclear Energy,Italy,National,pre_saturation,57,1965,True,Truncated-start,0.893,0.909,,,,False,
195,Hydroelectricity,Egypt,National,pre_saturation,57,1965,False,,1.0,0.0,0.0446,0.9972,0.9527,True,0.456
197,Hydroelectricity,Colombia,National,pre_saturation,57,1965,False,,1.0,0.0,-0.0032,0.9936,0.9968,False,0.754
198,Nuclear Energy,Germany,National,saturating,42,1965,False,,1.0,0.0,0.0162,0.9595,0.9433,True,0.619
200,Nuclear Energy,France,National,saturating,44,1965,False,,1.0,0.0,0.0059,0.992,0.9861,True,0.682
201,Nuclear Energy,Netherlands,National,pre_saturation,57,1965,False,,0.962,0.0,0.1365,0.9925,0.8561,True,0.281
206,Nuclear Energy,Belgium,National,pre_saturation,57,1965,True,Bell/Declining,0.011,0.0,,,,False,
207,Nuclear Energy,US,National,saturating,57,1965,False,,1.0,0.0,0.0923,0.9382,0.8459,True,0.632
211,Nuclear Energy,India,National,saturating,57,1965,False,,0.728,0.0,0.1818,0.9521,0.7703,True,0.351
212,Nuclear Energy,Japan,National,saturating,38,1965,False,,1.0,0.0,-0.0165,0.8369,0.8534,True,0.868
213,Hydroelectricity,Brazil,National,pre_saturation,57,1965,False,,1.0,0.0,0.0496,0.9594,0.9097,True,0.825
214,Nuclear Energy,Pakistan,National,pre_saturation,57,1965,False,,1.0,0.0,0.6559,0.9911,0.3352,False,0.14
215,Hydroelectricity,Argentina,National,pre_saturation,57,1965,False,,0.934,0.0,-0.0116,0.8174,0.829,True,0.474
216,Hydroelectricity,US,National,pre_saturation,57,1965,False,,1.0,0.0,-0.0113,0.9495,0.9607,True,0.684
218,Hydroelectricity,Bulgaria,National,pre_saturation,57,1965,True,Truncated-start,0.983,0.804,,,,False,
221,Nuclear Energy,Canada,National,pre_saturation,57,1965,False,,1.0,0.0,0.3395,0.9268,0.5874,True,0.439
222,Hydroelectricity,Ecuador,National,pre_saturation,57,1965,False,,1.0,0.0,-0.0158,0.969,0.9847,True,0.772
223,Hydroelectricity,Peru,National,pre_saturation,57,1965,False,,1.0,0.0,-0.0284,0.9039,0.9322,True,0.772
224,Hydroelectricity,Venezuela,National,pre_saturation,57,1965,False,,1.0,0.0,0.0288,0.9755,0.9467,True,0.561
225,Hydroelectricity,Austria,National,pre_saturation,57,1965,True,Bell/Declining,0.152,0.0,,,,False,
226,Hydroelectricity,Japan,National,pre_saturation,57,1965,True,Truncated-start,1.0,0.576,,,,False,
227,Hydroelectricity,Malaysia,National,pre_saturation,57,1965,False,,0.782,0.0,0.0518,0.9244,0.8726,True,0.772
228,Hydroelectricity,New Zealand,National,pre_saturation,57,1965,False,,1.0,0.0,0.0083,0.8791,0.8708,True,0.842
229,Hydroelectricity,Pakistan,National,pre_saturation,57,1965,False,,1.0,0.0,-0.041,0.7969,0.838,True,0.684
230,Hydroelectricity,Philippines,National,pre_saturation,57,1965,False,,0.79,0.052,0.0273,0.9129,0.8856,True,0.649
231,Hydroelectricity,South Korea,National,pre_saturation,57,1965,False,,0.876,0.0,0.0189,0.7517,0.7328,True,0.86
232,Hydroelectricity,Belgium,National,pre_saturation,57,1965,True,Truncated-start,0.179,0.858,,,,False,
238,Renewable Power,Australia,National,pre_saturation,57,1965,True,Truncated-start,0.124,1.0,,,,False,
243,Renewable Power,Japan,National,pre_saturation,57,1965,False,,0.98,0.0,0.3272,0.9991,0.6718,True,0.088
246,Renewable Power,New Zealand,National,pre_saturation,57,1965,True,Truncated-start,0.543,0.951,,,,False,
254,Renewable Power,Spain,National,pre_saturation,57,1965,False,,1.0,0.0,0.3173,0.994,0.6768,True,0.175
257,Hydroelectricity,Iceland,National,saturating,55,1965,False,,1.0,0.019,0.2312,0.9931,0.7619,True,0.309
258,Renewable Power,Turkey,National,pre_saturation,57,1965,True,Truncated-start,0.914,0.559,,,,False,
275,Hydroelectricity,Sweden,National,pre_saturation,57,1965,True,Truncated-start,1.0,0.443,,,,False,
276,Hydroelectricity,Switzerland,National,pre_saturation,57,1965,True,Bell/Declining,0.689,0.0,,,,False,
277,Hydroelectricity,Turkey,National,pre_saturation,57,1965,True,Bell/Declining,0.433,0.0,,,,False,
279,Hydroelectricity,United Kingdom,National,pre_saturation,57,1965,True,Truncated-start,0.088,0.836,,,,False,
284,Renewable Power,World,Global,pre_saturation,57,1965,False,,1.0,0.0,0.0113,0.9755,0.9642,True,0.842
287,Hydroelectricity,Iran,National,pre_saturation,57,1965,False,,1.0,0.0,-0.0042,0.9842,0.9884,False,0.807
288,Hydroelectricity,Iraq,National,pre_saturation,57,1965,False,,1.0,0.0,-0.0124,0.9697,0.9821,True,0.772
290,Hydroelectricity,Spain,National,pre_saturation,57,1965,False,,1.0,0.119,-0.0162,0.5987,0.615,True,0.93
291,Hydroelectricity,Ireland,National,pre_saturation,57,1965,True,Truncated-start,0.091,1.0,,,,False,
292,Hydroelectricity,Italy,National,pre_saturation,57,1965,True,Truncated-start,0.653,0.91,,,,False,
295,Hydroelectricity,Luxembourg,National,pre_saturation,57,1965,True,Truncated-start,0.198,0.934,,,,False,
298,Hydroelectricity,Norway,National,pre_saturation,57,1965,False,,1.0,0.045,-0.0332,0.7774,0.8106,True,0.684
299,Hydroelectricity,Poland,National,pre_saturation,57,1965,False,,0.765,0.09,0.2425,0.8606,0.6181,True,0.561
300,Hydroelectricity,Portugal,National,pre_saturation,57,1965,False,,1.0,0.0,0.0252,0.7514,0.7263,True,0.825
301,Hydroelectricity,Romania,National,pre_saturation,57,1965,False,,1.0,0.0,0.1162,0.954,0.8378,True,0.667
302,Hydroelectricity,Slovakia,National,pre_saturation,57,1965,True,Truncated-start,0.202,1.0,,,,False,
304,Renewable Power,Sweden,National,pre_saturation,57,1965,False,,1.0,0.0,0.3128,0.9875,0.6747,True,0.263
305,Hydroelectricity,Mexico,National,pre_saturation,57,1965,False,,0.952,0.0,0.0241,0.9863,0.9623,True,0.632
308,Renewable Power,Poland,National,pre_saturation,57,1965,False,,1.0,0.0,0.001,0.7943,0.7932,True,0.86
313,Renewable Power,Italy,National,pre_saturation,57,1965,False,,0.933,0.0,-0.0144,0.9241,0.9385,True,0.684
318,Renewable Power,Iceland,National,saturating,57,1965,False,,1.0,0.0,0.2507,0.9883,0.7376,True,0.351
319,Renewable Power,Portugal,National,pre_saturation,57,1965,True,Truncated-start,0.114,0.564,,,,False,
321,Television,United States,National,pre_saturation,56,1946,False,,1.0,0.0,0.1009,0.9947,0.8939,False,0.482
322,Vacuums,United States,National,pre_saturation,57,1922,False,,1.0,0.0,-0.0255,0.9462,0.9717,True,0.842
323,Telephones,Democratic Republic of the Congo,National,pre_saturation,56,1947,False,,1.0,0.0,0.0485,0.9515,0.903,True,0.768
324,Home Air Conditioning,United States,National,saturating,55,1957,False,,1.0,0.0,-0.049,0.8287,0.8777,True,0.727
325,Telephones,Turkey,National,pre_saturation,56,1947,False,,1.0,0.0,0.0221,0.9863,0.9642,True,0.786
326,Telephones,Algeria,National,pre_saturation,58,1931,False,,1.0,0.0,0.0239,0.2635,0.2396,True,0.931
327,Passenger Cars,Uganda,National,pre_saturation,60,1938,True,Truncated-start,0.0,1.0,,,,False,
328,Television,Russia,National,pre_saturation,54,1946,False,,1.0,0.0,0.4774,0.9964,0.519,True,0.204
329,Radio,Jordan,National,pre_saturation,54,1946,False,,1.0,0.0,0.2436,0.9925,0.7489,True,0.333
330,Telephones,Angola,National,pre_saturation,56,1947,False,,1.0,0.0,0.9356,0.9883,0.0526,False,0.0
331,Railroad,South Korea,National,pre_saturation,54,1945,False,,1.0,0.0,0.1657,0.9987,0.833,True,0.148
332,Telephones,China,National,pre_saturation,54,1949,False,,1.0,0.0,-0.0068,0.9706,0.9775,True,0.63
333,Radio,Philippines,National,pre_saturation,54,1946,False,,1.0,0.0,-0.01,0.99,1.0,False,0.778
334,Radio,Ireland,National,pre_saturation,54,1946,False,,1.0,0.0,-0.0038,0.9723,0.9761,False,0.796
335,Passenger Cars,Israel,National,pre_saturation,56,1945,False,,1.0,0.0,-0.0112,0.9611,0.9723,True,0.732
336,Passenger Cars,South Korea,National,pre_saturation,55,1946,True,Bell/Declining,0.307,0.278,,,,False,
337,Passenger Cars,Mozambique,National,saturating,46,1929,False,,1.0,0.0,0.0156,0.9931,0.9775,False,0.696
338,Radio,Lebanon,National,pre_saturation,54,1946,False,,1.0,0.0,-0.0099,0.9839,0.9938,True,0.667
339,Radio,Nepal,National,pre_saturation,54,1946,False,,1.0,0.0,-0.0209,0.9348,0.9557,True,0.778
340,Radio,Iceland,National,pre_saturation,54,1946,False,,1.0,0.0,-0.0044,0.8479,0.8523,True,0.556
342,Radio,Pakistan,National,pre_saturation,53,1947,False,,1.0,0.0,0.002,0.9898,0.9879,False,0.774
343,Passenger Cars,Sri Lanka,National,pre_saturation,53,1945,False,,1.0,0.0,0.0005,0.9918,0.9913,True,0.755
344,Radio,India,National,pre_saturation,53,1947,False,,1.0,0.0,0.0119,0.9934,0.9815,False,0.755
345,Radio,Burma,National,pre_saturation,52,1948,False,,1.0,0.0,0.2806,0.9024,0.6218,True,0.577
346,Radio,Sri Lanka,National,pre_saturation,52,1948,False,,1.0,0.0,0.0411,0.9954,0.9542,False,0.654
347,Passenger Cars,Taiwan,National,pre_saturation,52,1946,True,Bell/Declining,0.589,0.0,,,,False,
348,Radio,Israel,National,pre_saturation,52,1948,False,,1.0,0.0,-0.0195,0.9739,0.9934,False,0.788
349,Telephones,Gabon,National,pre_saturation,54,1949,False,,1.0,0.0,0.1317,0.9779,0.8462,True,0.37
350,Radio,South Korea,National,pre_saturation,52,1948,False,,1.0,0.0,-0.0112,0.9886,0.9998,False,0.788
351,Television,France,National,pre_saturation,52,1950,False,,1.0,0.0,0.1574,0.9792,0.8217,False,0.519
352,Telephones,Mauritius,National,pre_saturation,52,1951,False,,1.0,0.0,-0.0361,0.8221,0.8581,True,0.692
353,Radio,Indonesia,National,pre_saturation,51,1949,False,,1.0,0.0,0.0233,0.9727,0.9494,True,0.725
354,Passenger Cars,Yemen,National,pre_saturation,51,1947,False,,1.0,0.066,0.0918,0.7408,0.649,True,0.686
355,Passenger Cars,Guatemala,National,pre_saturation,53,1928,True,Truncated-start,0.0,0.715,,,,False,
356,Railroad,Saudi Arabia,National,saturating,54,1945,False,,1.0,0.0,0.7866,0.9953,0.2087,True,0.074
357,Passenger Cars,Spain,National,pre_saturation,51,1948,False,,1.0,0.0,0.0153,0.9947,0.9795,True,0.745
358,Telephones,Cuba,National,pre_saturation,57,1932,False,,1.0,0.0,-0.0095,0.99,0.9996,False,0.754
359,Telephones,Pakistan,National,pre_saturation,51,1948,False,,1.0,0.0,0.0652,0.9767,0.9115,False,0.686
360,Radio,Syria,National,pre_saturation,54,1946,False,,1.0,0.0,0.0042,0.9649,0.9607,False,0.778
361,Television,Netherlands,National,pre_saturation,51,1952,False,,1.0,0.0,0.2098,0.9796,0.7698,False,0.451
362,Railroad,Pakistan,National,saturating,51,1948,False,,1.0,0.0,0.9306,0.9883,0.0577,False,0.0
363,Jet Aircraft,Boeing,National,pre_saturation,50,1958,False,,1.0,0.0,0.0032,0.9936,0.9904,False,0.7
364,Passenger Cars,Bangladesh,National,pre_saturation,50,1947,False,,1.0,0.0,-0.0152,0.9766,0.9917,True,0.74
365,Television,Switzerland,National,pre_saturation,49,1953,False,,1.0,0.0,0.0371,0.9826,0.9455,False,0.694
367,Telephones,Iran,National,pre_saturation,52,1951,False,,1.0,0.0,0.0237,0.9964,0.9728,True,0.538
368,Passenger Cars,El Salvador,National,saturating,58,1928,True,Bell/Declining,0.679,0.0,,,,False,
369,Television,Venezuela,National,pre_saturation,49,1953,False,,1.0,0.0,-0.0127,0.9376,0.9503,True,0.816
370,Radio,Libya,National,pre_saturation,48,1952,False,,1.0,0.0,-0.0116,0.9868,0.9984,False,0.75
371,Television,Cuba,National,pre_saturation,49,1953,False,,1.0,0.0,0.0285,0.9917,0.9632,True,0.633
372,Telephones,Ivory Coast,National,pre_saturation,50,1949,False,,1.0,0.0,-0.0285,0.9105,0.939,True,0.64
373,Telephones,Sudan,National,pre_saturation,48,1951,False,,1.0,0.0,0.0067,0.9673,0.9606,True,0.625
374,Passenger Cars,Jordan,National,pre_saturation,48,1950,False,,1.0,0.0,-0.003,0.8749,0.8779,True,0.875
375,Television,Brazil,National,pre_saturation,47,1953,False,,1.0,0.0,0.0641,0.9102,0.8461,False,0.83
376,Passenger Cars,Libya,National,pre_saturation,47,1947,False,,1.0,0.0,0.091,0.9839,0.8929,True,0.702
377,Telephones,Cameroon,National,pre_saturation,54,1949,False,,1.0,0.0,0.0336,0.9409,0.9073,True,0.426
378,Radio,Taiwan,National,pre_saturation,47,1953,False,,1.0,0.0,-0.0112,0.9888,1.0,False,0.787
379,Passenger Cars,Pakistan,National,pre_saturation,47,1947,False,,1.0,0.0,-0.0115,0.9879,0.9994,False,0.83
380,Radio,Cambodia,National,pre_saturation,47,1953,False,,1.0,0.0,0.3392,0.9953,0.6561,True,0.319
381,Passenger Cars,Tunisia,National,pre_saturation,46,1948,False,,1.0,0.0,-0.0056,0.9896,0.9953,False,0.783
382,Passenger Cars,Iran,National,pre_saturation,48,1950,False,,1.0,0.0,-0.0166,0.9772,0.9938,False,0.854
383,Television,Dominican Republic,National,pre_saturation,47,1953,False,,1.0,0.0,-0.0255,0.8949,0.9204,True,0.872
385,Railroad,Bangladesh,National,saturating,42,1947,False,,1.0,0.0,0.0179,0.694,0.6761,True,0.762
386,Railroad,Israel,National,saturating,46,1948,False,,0.906,0.0,0.6002,0.9754,0.3752,True,0.196
387,Television,Germany,National,pre_saturation,46,1955,False,,1.0,0.0,0.0345,0.9957,0.9612,True,0.63
388,Passenger Cars,Ethiopia,National,pre_saturation,45,1949,False,,1.0,0.0,0.0556,0.9784,0.9228,False,0.733
389,Television,Argentina,National,pre_saturation,47,1953,False,,1.0,0.0,-0.0131,0.9805,0.9935,False,0.83
390,Passenger Cars,Hong Kong,National,pre_saturation,45,1953,False,,1.0,0.0,-0.0015,0.9858,0.9874,False,0.778
391,Telephones,Morocco,National,pre_saturation,51,1938,False,,1.0,0.0,0.0064,0.9848,0.9784,True,0.608
392,Passenger Cars,Angola,National,pre_saturation,56,1937,False,,0.999,0.077,0.4123,0.9888,0.5766,True,0.089
393,Radio,Tunisia,National,pre_saturation,44,1956,False,,1.0,0.0,0.001,0.9538,0.9528,False,0.795
394,Telephones,Benin,National,pre_saturation,44,1959,False,,1.0,0.0,0.66,0.9963,0.3363,True,0.136
395,Radio,Sudan,National,pre_saturation,44,1956,False,,1.0,0.0,-0.0085,0.9908,0.9993,False,0.75
396,Telephones,Senegal,National,pre_saturation,44,1959,False,,1.0,0.0,0.0455,0.9311,0.8855,False,0.773
397,Passenger Cars,Gabon,National,pre_saturation,45,1949,False,,1.0,0.0,0.0742,0.9965,0.9224,True,0.333
398,Passenger Cars,Zambia,National,pre_saturation,44,1948,False,,1.0,0.0,0.0167,0.9846,0.9679,False,0.75
400,Radio,Morocco,National,pre_saturation,44,1956,False,,1.0,0.0,-0.004,0.9922,0.9962,False,0.727
401,Television,Spain,National,pre_saturation,44,1956,False,,1.0,0.0,0.201,0.9977,0.7968,True,0.364
402,Passenger Cars,Mauritania,National,pre_saturation,46,1956,False,,1.0,0.0,-0.0025,0.9055,0.908,True,0.87
403,Television,Finland,National,saturating,43,1960,False,,1.0,0.0,-0.0032,0.9929,0.9961,False,0.744
404,Television,Uruguay,National,pre_saturation,44,1956,False,,1.0,0.0,-0.0095,0.9789,0.9884,False,0.795
405,Television,El Salvador,National,pre_saturation,44,1956,False,,1.0,0.0,-0.0075,0.9884,0.9959,False,0.773
406,Television,Panama,National,pre_saturation,43,1960,False,,1.0,0.0,-0.0231,0.8536,0.8767,True,0.884
407,Television,Japan,National,pre_saturation,43,1960,False,,1.0,0.0,0.0025,0.9961,0.9935,False,0.698
408,Radio,Malaysia,National,pre_saturation,43,1957,True,Truncated-start,0.558,1.0,,,,False,
409,Television,Portugal,National,pre_saturation,43,1957,False,,1.0,0.0,-0.0032,0.9881,0.9913,False,0.767
410,Radio,Ghana,National,pre_saturation,43,1957,False,,1.0,0.0,-0.0079,0.9914,0.9992,False,0.744
411,Television,Ireland,National,pre_saturation,43,1960,False,,1.0,0.0,0.0409,0.9955,0.9547,False,0.558
412,Passenger Cars,Chad,National,saturating,40,1949,False,,1.0,0.0,0.089,0.9919,0.9029,True,0.475
413,Television,Austria,National,pre_saturation,43,1960,False,,1.0,0.0,-0.0036,0.9879,0.9915,False,0.767
414,Television,Saudi Arabia,National,pre_saturation,43,1960,False,,1.0,0.0,0.023,0.9848,0.9618,False,0.721
415,Television,Belgium,National,pre_saturation,43,1957,False,,1.0,0.0,0.0775,0.9048,0.8273,False,0.744
416,Television,Romania,National,pre_saturation,43,1957,False,,1.0,0.0,0.0151,0.9781,0.9631,False,0.767
417,Passenger Cars,Botswana,National,pre_saturation,46,1953,False,,1.0,0.0,-0.011,0.989,1.0,False,0.783
418,Steamships,France,National,pre_saturation,42,1838,False,,1.0,0.0,-0.0305,0.9206,0.9511,True,0.738
419,Passenger Cars,Republic of the Congo,National,pre_saturation,49,1949,False,,1.0,0.0,0.0194,0.9884,0.969,True,0.571
420,Telephones,Ethiopia,National,pre_saturation,43,1951,False,,1.0,0.0,0.0592,0.8389,0.7797,True,0.674
421,Telephones,Mozambique,National,pre_saturation,42,1947,False,,1.0,0.0,0.3494,0.9968,0.6474,True,0.286
422,Radio,Suriname,National,pre_saturation,50,1950,False,,1.0,0.0,0.0908,0.875,0.7842,False,0.72
423,Television,India,National,pre_saturation,42,1960,False,,1.0,0.0,0.0165,0.5968,0.5804,True,0.929
424,Television,Hungary,National,pre_saturation,42,1960,False,,1.0,0.0,0.0024,0.987,0.9846,False,0.762
425,Radio,Guinea,National,pre_saturation,42,1958,False,,1.0,0.0,-0.0032,0.9921,0.9953,False,0.762
426,Television,New Zealand,National,pre_saturation,42,1960,False,,1.0,0.0,0.0495,0.9935,0.944,True,0.595
427,Television,South Korea,National,pre_saturation,42,1960,False,,1.0,0.0,0.1167,0.9956,0.8789,True,0.452
428,Television,Haiti,National,pre_saturation,42,1960,False,,1.0,0.0,0.0555,0.9897,0.9341,True,0.595
429,Crop Harvester,Zimbabwe,National,saturating,41,1961,False,,1.0,0.0,-0.0317,0.8773,0.909,True,0.854
430,Crop Harvester,Cuba,National,saturating,41,1961,False,,1.0,0.0,-0.0111,0.9889,1.0,False,0.78
431,Crop Harvester,Jordan,National,pre_saturation,41,1961,False,,1.0,0.0,0.3564,0.9988,0.6424,True,0.171
432,Crop Harvester,Sweden,National,saturating,22,1961,False,,1.0,0.0,-0.0095,0.9882,0.9977,False,0.773
433,Crop Harvester,Indonesia,National,saturating,41,1961,False,,1.0,0.0,-0.0111,0.9889,1.0,False,0.78
434,Crop Harvester,Bulgaria,National,saturating,19,1961,True,Truncated-start,1.0,0.77,,,,False,
435,Television,China,National,pre_saturation,41,1959,False,,1.0,0.0,0.0752,0.9855,0.9102,True,0.61
438,Crop Harvester,Philippines,National,saturating,41,1961,False,,1.0,0.0,-0.0036,0.9574,0.961,False,0.805
439,Crop Harvester,Guatemala,National,saturating,41,1961,False,,1.0,0.0,-0.0111,0.9889,1.0,False,0.78
440,Television,Norway,National,pre_saturation,41,1959,False,,1.0,0.0,0.035,0.9949,0.9598,True,0.61
441,Crop Harvester,France,National,saturating,16,1961,False,,1.0,0.0,-0.0128,0.9872,1.0,False,0.75
442,Crop Harvester,Russia,National,pre_saturation,41,1961,True,Truncated-start,0.979,0.933,,,,False,
443,Crop Harvester,India,National,saturating,41,1961,False,,1.0,0.0,-0.0111,0.9889,1.0,False,0.78
444,Crop Harvester,Mali,National,saturating,41,1961,False,,1.0,0.0,0.1454,0.9992,0.8538,True,0.195
445,Crop Harvester,Papua New Guinea,National,saturating,41,1961,False,,1.0,0.0,0.0345,0.7945,0.7599,True,0.78
446,Crop Harvester,Germany,National,saturating,19,1961,False,,1.0,0.0,-0.0119,0.9877,0.9996,False,0.789
447,Crop Harvester,Romania,National,pre_saturation,41,1961,False,,1.0,0.0,-0.002,0.9864,0.9884,False,0.805
448,Crop Harvester,Albania,National,pre_saturation,41,1961,False,,1.0,0.0,0.0064,0.9797,0.9733,False,0.78
449,Crop Harvester,Pakistan,National,saturating,41,1961,False,,1.0,0.0,0.0427,0.9962,0.9535,False,0.61
450,Crop Harvester,Senegal,National,saturating,41,1961,False,,1.0,0.0,0.3675,0.9988,0.6313,True,0.22
451,Crop Harvester,Saudi Arabia,National,pre_saturation,41,1961,False,,0.89,0.0,0.069,0.9956,0.9266,True,0.537
452,Crop Harvester,Chad,National,saturating,31,1961,False,,1.0,0.0,0.0047,0.9857,0.981,False,0.742
453,Crop Harvester,Suriname,National,saturating,41,1961,False,,1.0,0.0,-0.0307,0.8266,0.8574,True,0.805
454,Crop Harvester,Hungary,National,pre_saturation,41,1961,False,,1.0,0.0,0.0024,0.9962,0.9938,False,0.732
455,Crop Harvester,Chile,National,saturating,41,1961,False,,1.0,0.0,-0.0111,0.9889,1.0,False,0.805
456,Crop Harvester,Mauritania,National,saturating,41,1961,False,,1.0,0.0,-0.043,0.8281,0.8711,True,0.78
457,Crop Harvester,Austria,National,saturating,21,1961,False,,1.0,0.0,-0.0106,0.988,0.9986,False,0.762
458,Crop Harvester,Iraq,National,pre_saturation,41,1961,False,,1.0,0.0,-0.0002,0.9714,0.9716,False,0.78
459,Crop Harvester,Republic of the Congo,National,saturating,41,1961,True,Bell/Declining,0.286,0.286,,,,False,
460,Crop Harvester,Denmark,National,saturating,15,1961,False,,1.0,0.0,-0.013,0.987,1.0,False,0.733
461,Crop Harvester,Brazil,National,saturating,41,1961,False,,1.0,0.0,-0.0111,0.9889,1.0,False,0.78
462,Television,Lebanon,National,pre_saturation,41,1959,False,,1.0,0.0,0.3335,0.9794,0.6459,True,0.293
464,Television,Costa Rica,National,pre_saturation,41,1959,False,,1.0,0.0,0.0262,0.9951,0.9689,True,0.61
465,Crop Harvester,Belgium,National,saturating,18,1961,False,,1.0,0.0,-0.0123,0.9875,0.9998,False,0.778
466,Television,Sweden,National,pre_saturation,41,1960,False,,1.0,0.0,0.0067,0.9972,0.9905,True,0.683
467,Crop Harvester,Oman,National,saturating,41,1961,False,,1.0,0.0,0.3809,0.8905,0.5096,True,0.293
468,Crop Harvester,Colombia,National,saturating,41,1961,False,,1.0,0.0,-0.0111,0.9889,1.0,False,0.78
469,Crop Harvester,Ecuador,National,pre_saturation,41,1961,False,,1.0,0.0,0.0521,0.9905,0.9385,True,0.512
470,Crop Harvester,Spain,National,pre_saturation,41,1961,False,,1.0,0.0,0.0443,0.9895,0.9452,False,0.634
471,Crop Harvester,Poland,National,saturating,41,1961,False,,1.0,0.0,0.2244,0.9365,0.7121,True,0.707
472,Crop Harvester,Greece,National,pre_saturation,41,1961,False,,1.0,0.0,0.1547,0.8824,0.7277,False,0.805
473,Crop Harvester,Portugal,National,pre_saturation,41,1961,False,,1.0,0.0,0.0199,0.9918,0.9718,True,0.683
474,Crop Harvester,Algeria,National,pre_saturation,41,1961,False,,1.0,0.0,-0.0111,0.9889,1.0,False,0.78
475,Crop Harvester,Lebanon,National,pre_saturation,41,1961,False,,0.988,0.0,-0.0088,0.9862,0.995,True,0.683
476,Crop Harvester,Italy,National,pre_saturation,41,1961,False,,1.0,0.0,-0.0071,0.9904,0.9975,False,0.756
477,Crop Harvester,Costa Rica,National,saturating,41,1961,False,,1.0,0.0,0.0799,0.9932,0.9134,True,0.561
478,Crop Harvester,Belize,National,saturating,41,1961,False,,1.0,0.0,0.0723,0.9946,0.9222,True,0.39
479,Crop Harvester,Turkey,National,pre_saturation,41,1961,False,,0.972,0.0,0.2077,0.8217,0.6141,True,0.707
480,Crop Harvester,Uganda,National,saturating,41,1961,False,,1.0,0.0,0.3951,0.9973,0.6022,True,0.244
482,Television,Bulgaria,National,pre_saturation,41,1959,False,,1.0,0.0,0.0057,0.9881,0.9824,False,0.756
483,Television,Kuwait,National,pre_saturation,41,1961,False,,1.0,0.0,0.0372,0.9975,0.9602,True,0.537
484,Television,Iraq,National,pre_saturation,41,1960,False,,1.0,0.0,-0.0175,0.8546,0.8721,True,0.585
486,Crop Harvester,Zambia,National,saturating,41,1961,False,,1.0,0.0,-0.0111,0.9889,1.0,False,0.78
487,Crop Harvester,Mongolia,National,saturating,28,1961,False,,0.952,0.0,0.1892,0.9915,0.8023,False,0.429
488,Crop Harvester,Venezuela,National,saturating,41,1961,False,,1.0,0.0,-0.0079,0.9619,0.9698,False,0.805
489,Crop Harvester,Madagascar,National,saturating,41,1961,False,,1.0,0.0,0.0227,0.9817,0.959,False,0.756
490,Crop Harvester,Botswana,National,saturating,41,1961,False,,1.0,0.0,0.0633,0.989,0.9257,True,0.488
491,Crop Harvester,Guyana,National,saturating,41,1961,False,,1.0,0.0,-0.0115,0.9656,0.977,False,0.805
492,Crop Harvester,Syria,National,pre_saturation,41,1961,False,,0.872,0.0,0.1562,0.9822,0.8259,True,0.463
493,Crop Harvester,Norway,National,pre_saturation,41,1961,False,,1.0,0.0,0.0056,0.9961,0.9905,True,0.707
494,Crop Harvester,Egypt,National,saturating,41,1961,False,,1.0,0.0,-0.0111,0.9889,1.0,False,0.78
495,Crop Harvester,Iceland,National,pre_saturation,41,1961,True,Truncated-start,1.0,0.5,,,,False,
497,Crop Harvester,Libya,National,saturating,41,1961,False,,1.0,0.0,-0.0111,0.9889,1.0,False,0.78
498,Crop Harvester,Yemen,National,pre_saturation,41,1961,False,,1.0,0.0,0.3809,0.8905,0.5096,True,0.293
499,Crop Harvester,Sierra Leone,National,saturating,41,1961,True,Truncated-start,1.0,1.0,,,,False,
500,Crop Harvester,United Kingdom,National,saturating,12,1961,False,,1.0,0.0,-0.0138,0.9862,1.0,False,0.667
501,Crop Harvester,Switzerland,National,pre_saturation,41,1961,False,,1.0,0.0,-0.0071,0.9905,0.9976,False,0.78
502,Crop Harvester,Gambia,National,saturating,41,1961,True,Truncated-start,1.0,1.0,,,,False,
503,Crop Harvester,Japan,National,pre_saturation,41,1961,False,,1.0,0.0,-0.0061,0.98,0.9861,False,0.805
504,Crop Harvester,Israel,National,pre_saturation,41,1961,False,,1.0,0.0,-0.0111,0.9889,1.0,False,0.78
505,Crop Harvester,Sudan,National,saturating,41,1961,False,,1.0,0.0,-0.0111,0.9889,1.0,False,0.756
506,Crop Harvester,Bolivia,National,saturating,41,1961,False,,1.0,0.0,-0.0102,0.9892,0.9994,False,0.756
507,Crop Harvester,Netherlands,National,saturating,13,1961,False,,1.0,0.0,-0.0132,0.9866,0.9998,False,0.692
508,Crop Harvester,Finland,National,pre_saturation,41,1961,False,,1.0,0.0,0.0315,0.9658,0.9343,True,0.732
509,Crop Harvester,Tunisia,National,saturating,34,1961,False,,1.0,0.0,-0.0074,0.9811,0.9885,False,0.794
511,Crop Harvester,El Salvador,National,saturating,41,1961,False,,1.0,0.0,-0.0111,0.9889,1.0,False,0.78
512,Crop Harvester,Mexico,National,pre_saturation,41,1961,False,,1.0,0.0,-0.0111,0.9889,1.0,False,0.78
513,Crop Harvester,Panama,National,pre_saturation,41,1961,False,,1.0,0.0,-0.0121,0.9874,0.9996,False,0.78
514,Crop Harvester,China,National,pre_saturation,41,1961,True,Truncated-start,1.0,0.97,,,,False,
515,Crop Harvester,Morocco,National,saturating,30,1961,True,Truncated-start,0.208,1.0,,,,False,
517,Passenger Cars,Ghana,National,pre_saturation,43,1951,False,,1.0,0.0,-0.0055,0.9929,0.9984,False,0.744
518,Telephones,Tunisia,National,pre_saturation,42,1947,False,,1.0,0.0,0.034,0.9963,0.9622,True,0.667
519,Telephones,Madagascar,National,pre_saturation,42,1947,False,,1.0,0.0,-0.0016,0.968,0.9695,True,0.667
520,Crop Harvester,Iran,National,saturating,41,1961,False,,1.0,0.0,-0.0111,0.9889,1.0,False,0.78
521,Telephones,Indonesia,National,pre_saturation,42,1947,False,,1.0,0.0,-0.0183,0.9745,0.9928,False,0.857
522,Crop Harvester,South Africa,National,pre_saturation,41,1961,False,,1.0,0.0,-0.0121,0.9848,0.9969,False,0.805
523,Radio,Republic of the Congo,National,pre_saturation,40,1960,False,,1.0,0.0,-0.0007,0.993,0.9937,False,0.75
524,Radio,Madagascar,National,pre_saturation,40,1960,False,,1.0,0.0,0.0084,0.9926,0.9842,False,0.675
525,Radio,Democratic Republic of the Congo,National,pre_saturation,40,1960,False,,1.0,0.0,-0.0102,0.9883,0.9985,False,0.775
526,Radio,Niger,National,pre_saturation,40,1960,False,,1.0,0.0,-0.0111,0.9889,1.0,False,0.8
527,Radio,Mongolia,National,pre_saturation,40,1960,False,,1.0,0.0,-0.0093,0.9902,0.9995,False,0.775
528,Radio,Chad,National,pre_saturation,40,1960,False,,1.0,0.0,0.0856,0.9332,0.8476,False,0.75
529,Radio,Senegal,National,pre_saturation,40,1960,False,,1.0,0.0,-0.0103,0.9896,0.9999,False,0.775
530,Radio,Benin,National,pre_saturation,40,1960,False,,1.0,0.0,0.089,0.9918,0.9028,True,0.475
531,Radio,Nigeria,National,pre_saturation,40,1960,False,,1.0,0.0,-0.0111,0.9889,1.0,False,0.8
532,Television,United Kingdom,National,pre_saturation,40,1960,False,,1.0,0.0,-0.0111,0.9889,1.0,False,0.8
533,Radio,Central African Republic,National,pre_saturation,40,1960,True,Bell/Declining,0.012,0.0,,,,False,
534,Radio,Somalia,National,pre_saturation,40,1960,False,,1.0,0.0,-0.0111,0.9889,1.0,False,0.8
535,Radio,Ivory Coast,National,pre_saturation,40,1960,False,,1.0,0.0,0.089,0.9919,0.9029,True,0.475
536,Colour TV,United States,National,pre_saturation,40,1966,False,,1.0,0.0,-0.0,0.9947,0.9947,False,0.75
537,Telephones,Botswana,National,pre_saturation,40,1963,False,,1.0,0.0,0.1374,0.9992,0.8618,True,0.2
538,Television,Poland,National,pre_saturation,40,1960,False,,1.0,0.0,-0.0024,0.9915,0.9938,False,0.75
539,Television,Luxembourg,National,pre_saturation,40,1960,False,,1.0,0.0,-0.009,0.9846,0.9937,False,0.8
540,Radio,Gabon,National,pre_saturation,40,1960,False,,1.0,0.0,-0.0111,0.9889,1.0,False,0.8
541,Radio,Burkina Faso,National,pre_saturation,40,1960,False,,1.0,0.0,-0.0208,0.9731,0.9939,False,0.8
542,Television,Guatemala,National,pre_saturation,40,1960,False,,1.0,0.0,0.0405,0.9726,0.9322,True,0.65
543,Radio,Mauritania,National,pre_saturation,40,1960,False,,1.0,0.0,-0.0012,0.9545,0.9557,False,0.825
544,Television,Mexico,National,pre_saturation,40,1960,False,,1.0,0.0,0.0097,0.8677,0.858,False,0.85
545,Television,Nicaragua,National,pre_saturation,40,1960,False,,1.0,0.292,0.0145,0.8387,0.8242,False,0.925
546,Television,Colombia,National,pre_saturation,40,1960,False,,1.0,0.0,0.2303,0.9293,0.6989,True,0.6
547,Television,Thailand,National,pre_saturation,40,1960,False,,1.0,0.0,-0.0185,0.9161,0.9346,False,0.875
548,Television,Morocco,National,pre_saturation,40,1960,False,,1.0,0.0,0.4326,0.9978,0.5652,True,0.225
549,Television,Iran,National,pre_saturation,40,1960,False,,1.0,0.0,0.2278,0.9878,0.7599,True,0.375
550,Television,Nigeria,National,pre_saturation,40,1960,False,,1.0,0.0,0.0171,0.9592,0.9421,False,0.825
551,Television,Italy,National,pre_saturation,40,1960,False,,1.0,0.0,-0.007,0.9882,0.9952,False,0.775
552,Telephones,Sierra Leone,National,pre_saturation,40,1963,False,,1.0,0.0,0.1379,0.9992,0.8613,True,0.2
553,Television,Honduras,National,pre_saturation,40,1960,False,,1.0,0.0,-0.0288,0.9023,0.9311,True,0.825
554,Television,Tunisia,National,pre_saturation,40,1960,False,,1.0,0.0,-0.0263,0.8061,0.8325,True,0.85
555,Television,Canada,National,pre_saturation,40,1960,False,,1.0,0.0,0.0022,0.9933,0.9911,False,0.725
556,Television,Denmark,National,pre_saturation,40,1960,False,,1.0,0.0,-0.003,0.9678,0.9708,False,0.8
557,Radio,Mali,National,pre_saturation,40,1960,False,,1.0,0.0,-0.0251,0.9576,0.9827,False,0.825
558,Television,Philippines,National,pre_saturation,40,1960,False,,1.0,0.0,0.0095,0.9829,0.9734,True,0.725
559,Television,Turkey,National,pre_saturation,40,1960,False,,1.0,0.0,0.1378,0.9992,0.8613,True,0.2
560,Television,Australia,National,pre_saturation,40,1960,False,,1.0,0.0,0.0379,0.909,0.8711,False,0.8
561,Telephones,Burundi,National,pre_saturation,40,1963,False,,1.0,0.0,0.4133,0.9985,0.5852,True,0.175
562,Radio,Togo,National,pre_saturation,40,1960,False,,1.0,0.0,-0.0322,0.801,0.8333,True,0.875
563,Television,Cambodia,National,pre_saturation,40,1960,False,,1.0,0.0,0.2828,0.9952,0.7124,True,0.325
564,Radio,Cameroon,National,pre_saturation,40,1960,False,,1.0,0.0,-0.0111,0.9889,1.0,False,0.8
565,Television,Peru,National,pre_saturation,40,1960,False,,1.0,0.0,-0.0028,0.9873,0.9902,False,0.775
566,Television,Syria,National,pre_saturation,39,1961,False,,1.0,0.0,0.0817,0.9927,0.911,True,0.462
567,Television,Gabon,National,pre_saturation,39,1961,False,,1.0,0.0,-0.0014,0.9931,0.9945,False,0.718
568,Television,Sierra Leone,National,pre_saturation,39,1961,False,,1.0,0.0,0.0106,0.9953,0.9847,False,0.718
569,Television,Ecuador,National,pre_saturation,39,1961,False,,1.0,0.0,-0.0279,0.8331,0.861,True,0.872
570,Television,Iceland,National,pre_saturation,39,1961,False,,1.0,0.0,-0.0112,0.9888,1.0,False,0.795
571,Television,Chile,National,pre_saturation,40,1960,False,,1.0,0.0,0.3188,0.972,0.6532,True,0.3
572,Radio,Sierra Leone,National,pre_saturation,39,1961,False,,1.0,0.0,-0.0121,0.9876,0.9997,False,0.769
573,Telephones,Syria,National,pre_saturation,39,1950,False,,1.0,0.0,0.0144,0.993,0.9786,False,0.718
574,Telephones,Israel,National,pre_saturation,39,1950,False,,1.0,0.0,-0.0054,0.9933,0.9987,False,0.744
575,Telephones,Burkina Faso,National,pre_saturation,44,1959,False,,1.0,0.0,0.66,0.9963,0.3363,True,0.136
576,Telephones,Swaziland,National,pre_saturation,40,1963,False,,1.0,0.0,0.4133,0.9985,0.5852,True,0.175
577,Radio,Tanzania,National,pre_saturation,39,1961,False,,1.0,0.0,-0.0023,0.9944,0.9967,False,0.718
578,Passenger Cars,Swaziland,National,pre_saturation,39,1965,True,Bell/Declining,0.613,0.0,,,,False,
579,Radio,Kuwait,National,pre_saturation,39,1961,False,,1.0,0.0,-0.0126,0.9868,0.9994,False,0.769
580,Steamships,Hungary,National,pre_saturation,47,1871,False,,1.0,0.0,-0.011,0.989,1.0,False,0.787
581,Passenger Cars,Central African Republic,National,pre_saturation,45,1949,False,,1.0,0.0,0.0446,0.9938,0.9492,True,0.489
582,Radio,Algeria,National,pre_saturation,38,1962,True,Truncated-start,1.0,0.862,,,,False,
583,Telephones,Singapore,National,pre_saturation,38,1951,False,,1.0,0.0,-0.0042,0.9917,0.9959,False,0.763
584,Telephones,Iraq,National,pre_saturation,40,1949,False,,1.0,0.0,0.0543,0.9978,0.9435,True,0.5
585,Television,Ivory Coast,National,pre_saturation,38,1962,False,,1.0,0.0,-0.0114,0.9886,1.0,False,0.789
586,Television,Sudan,National,pre_saturation,38,1962,False,,1.0,0.0,0.0593,0.9915,0.9322,True,0.526
587,Television,Israel,National,pre_saturation,38,1962,False,,1.0,0.0,0.2225,0.9136,0.691,True,0.605
588,Television,Algeria,National,pre_saturation,38,1962,False,,1.0,0.0,0.133,0.999,0.866,True,0.211
589,Radio,Uganda,National,pre_saturation,38,1962,False,,1.0,0.0,0.0838,0.9972,0.9134,True,0.5
590,Concentrated Solar Power,World,Global,pre_saturation,38,1985,False,,1.0,0.0,0.1072,0.9856,0.8784,False,0.553
591,Electricity,Russian Federation,National,pre_saturation,37,1985,True,Truncated-start,1.0,0.58,,,,False,
592,Electricity,Singapore,National,pre_saturation,37,1985,False,,1.0,0.0,0.0083,0.9931,0.9848,False,0.703
593,Electricity,Thailand,National,pre_saturation,37,1985,False,,1.0,0.0,0.0244,0.995,0.9706,False,0.676
594,Electricity,Taiwan,National,pre_saturation,37,1985,False,,1.0,0.0,-0.0114,0.9886,1.0,False,0.784
595,Electricity,Sweden,National,pre_saturation,37,1985,False,,0.988,0.153,0.0376,0.9555,0.9179,True,0.676
596,Electricity,Sri Lanka,National,pre_saturation,37,1985,False,,1.0,0.0,0.0233,0.9421,0.9188,False,0.811
597,Electricity,South Korea,National,pre_saturation,37,1985,False,,1.0,0.0,0.0029,0.989,0.9861,False,0.757
598,Electricity,Poland,National,pre_saturation,37,1985,True,Truncated-start,0.927,0.379,,,,False,
599,Electricity,Philippines,National,pre_saturation,37,1985,True,Truncated-start,1.0,0.625,,,,False,
600,Electricity,World,Global,pre_saturation,37,1985,False,,1.0,0.0,0.0049,0.9933,0.9883,False,0.703
601,Electricity,Pakistan,National,pre_saturation,37,1985,False,,1.0,0.0,-0.0097,0.9878,0.9975,False,0.757
602,Electricity,New Zealand,National,saturating,37,1985,False,,1.0,0.0,-0.0267,0.9312,0.9578,False,0.865
603,Electricity,Malaysia,National,pre_saturation,37,1985,False,,1.0,0.0,-0.0104,0.983,0.9934,False,0.784
604,Television,Kenya,National,pre_saturation,37,1963,False,,1.0,0.0,0.055,0.9991,0.9441,True,0.541
605,Electricity,Japan,National,pre_saturation,37,1985,False,,1.0,0.0,0.094,0.9983,0.9043,True,0.486
606,Electricity,Vietnam,National,pre_saturation,37,1985,False,,1.0,0.0,-0.0091,0.9854,0.9945,False,0.784
607,Television,Liberia,National,pre_saturation,37,1963,False,,1.0,0.0,-0.0054,0.9471,0.9525,True,0.838
608,Electricity,India,National,pre_saturation,37,1985,False,,1.0,0.0,-0.0041,0.9934,0.9975,False,0.73
610,Electricity,Portugal,National,saturating,34,1985,False,,0.939,0.0,0.4459,0.9246,0.4787,True,0.529
611,Electricity,Slovakia,National,pre_saturation,37,1985,True,Bell/Declining,0.414,0.0,,,,False,
612,Electricity,Luxembourg,National,pre_saturation,37,1985,False,,1.0,0.0,0.0194,0.7822,0.7628,False,0.865
613,Television,Malaysia,National,pre_saturation,37,1963,False,,1.0,0.0,-0.0121,0.9877,0.9998,False,0.784
614,Electricity,Netherlands,National,pre_saturation,37,1985,False,,1.0,0.0,0.0695,0.9625,0.893,False,0.73
616,Electricity,Norway,National,pre_saturation,37,1985,True,Truncated-start,1.0,0.584,,,,False,
617,Electricity,Spain,National,pre_saturation,37,1985,False,,1.0,0.0,0.0266,0.989,0.9624,False,0.676
618,Electricity,Indonesia,National,pre_saturation,37,1985,False,,1.0,0.0,-0.0059,0.9781,0.9839,False,0.784
619,Telephones,Mali,National,pre_saturation,43,1960,False,,1.0,0.0,-0.011,0.989,1.0,False,0.767
620,Electricity,Kazakhstan,National,pre_saturation,37,1985,True,Truncated-start,0.999,0.825,,,,False,
621,Television,Ethiopia,National,pre_saturation,37,1965,False,,1.0,0.0,0.1166,0.9886,0.872,False,0.514
622,Electricity,Saudi Arabia,National,pre_saturation,37,1985,False,,1.0,0.0,0.0195,0.9976,0.9782,True,0.649
623,Television,Republic of the Congo,National,pre_saturation,37,1963,False,,1.0,0.0,-0.0134,0.984,0.9974,False,0.811
624,Electricity,Qatar,National,pre_saturation,37,1985,False,,1.0,0.0,0.0046,0.8961,0.8915,True,0.865
625,Electricity,Oman,National,pre_saturation,37,1985,False,,1.0,0.0,-0.0066,0.946,0.9525,True,0.838
626,Electricity,Kuwait,National,pre_saturation,37,1985,True,Truncated-start,1.0,0.566,,,,False,
627,Electricity,Israel,National,pre_saturation,37,1985,False,,1.0,0.0,0.0347,0.9945,0.9598,False,0.649
628,Electricity,Azerbaijan,National,pre_saturation,37,1985,True,Truncated-start,1.0,0.587,,,,False,
629,Electricity,China Hong Kong SAR,National,saturating,32,1985,False,,1.0,0.0,-0.0106,0.9888,0.9994,False,0.75
630,Electricity,Iraq,National,pre_saturation,37,1985,True,Truncated-start,1.0,0.784,,,,False,
631,Electricity,Iran,National,pre_saturation,37,1985,False,,1.0,0.0,-0.0003,0.9917,0.992,False,0.757
632,Electricity,Uzbekistan,National,pre_saturation,37,1985,False,,0.715,0.274,0.1815,0.8896,0.7081,False,0.703
633,Electricity,Turkmenistan,National,pre_saturation,37,1985,True,Truncated-start,0.945,0.483,,,,False,
634,Electricity,Belarus,National,pre_saturation,37,1985,True,Truncated-start,1.0,0.671,,,,False,
635,Electricity,United Arab Emirates,National,pre_saturation,37,1985,False,,1.0,0.0,-0.0007,0.9847,0.9854,False,0.757
636,Electricity,Algeria,National,pre_saturation,37,1985,False,,1.0,0.0,-0.0107,0.3635,0.3742,True,0.919
637,Electricity,Egypt,National,pre_saturation,37,1985,False,,1.0,0.0,-0.001,0.9918,0.9928,False,0.73
638,Electricity,Morocco,National,pre_saturation,37,1985,False,,1.0,0.0,-0.0063,0.9119,0.9182,False,0.838
639,Electricity,China,National,pre_saturation,37,1985,False,,1.0,0.0,-0.007,0.9904,0.9974,False,0.757
640,Electricity,Bangladesh,National,pre_saturation,37,1985,False,,1.0,0.0,0.0445,0.9925,0.948,False,0.622
641,Electricity,Switzerland,National,saturating,30,1985,True,Truncated-start,1.0,0.384,,,,False,
642,Television,Indonesia,National,pre_saturation,37,1963,False,,1.0,0.0,0.1054,0.9878,0.8824,False,0.541
643,Television,Burkina Faso,National,pre_saturation,37,1963,False,,1.0,0.0,-0.0112,0.9888,1.0,False,0.784
644,Electricity,Australia,National,pre_saturation,37,1985,False,,1.0,0.0,-0.0113,0.987,0.9983,False,0.784
645,Electricity,Turkey,National,pre_saturation,37,1985,False,,1.0,0.0,-0.0062,0.9893,0.9955,False,0.784
646,Television,Uganda,National,pre_saturation,37,1963,False,,1.0,0.0,0.0215,0.9895,0.968,False,0.676
647,Telephones,Central African Republic,National,pre_saturation,44,1959,False,,1.0,0.0,0.1809,0.9993,0.8184,True,0.159
648,Electricity,Latvia,National,pre_saturation,37,1985,True,Truncated-start,0.811,0.653,,,,False,
649,Electricity,United Kingdom,National,saturating,24,1985,False,,1.0,0.0,0.0039,0.9894,0.9855,False,0.75
650,Telephones,Saudi Arabia,National,pre_saturation,42,1951,False,,1.0,0.0,0.1214,0.9877,0.8664,True,0.476
651,Electricity,South Africa,National,saturating,35,1985,False,,1.0,0.0,-0.0148,0.9839,0.9987,False,0.8
652,Telephones,Tanzania,National,pre_saturation,37,1952,False,,1.0,0.0,-0.0024,0.9632,0.9656,False,0.811
653,Electricity,Italy,National,pre_saturation,37,1985,False,,1.0,0.0,0.0158,0.9957,0.9799,True,0.595
654,Electricity,Canada,National,saturating,37,1985,False,,1.0,0.0,0.0307,0.9986,0.9679,True,0.595
655,Electricity,Mexico,National,pre_saturation,37,1985,False,,1.0,0.0,0.0123,0.9946,0.9823,False,0.703
656,Electricity,US,National,saturating,37,1985,False,,1.0,0.0,0.0867,0.9944,0.9077,False,0.568
657,Electricity,Argentina,National,pre_saturation,37,1985,False,,1.0,0.0,0.0336,0.9938,0.9602,False,0.595
658,Electricity,Brazil,National,pre_saturation,37,1985,False,,1.0,0.0,-0.0275,0.85,0.8775,True,0.892
659,Electricity,Chile,National,pre_saturation,37,1985,False,,1.0,0.0,-0.0109,0.98,0.9909,False,0.784
660,Electricity,Colombia,National,pre_saturation,37,1985,False,,1.0,0.0,-0.0098,0.9886,0.9984,False,0.757
661,Steamships,Mexico,National,pre_saturation,37,1888,False,,1.0,0.333,-0.0184,0.843,0.8614,True,0.676
662,Electricity,Peru,National,pre_saturation,37,1985,False,,0.846,0.0,0.0706,0.9802,0.9095,True,0.622
663,Passenger Cars,Kuwait,National,pre_saturation,37,1961,False,,1.0,0.0,-0.009,0.9897,0.9988,False,0.757
664,Electricity,Ecuador,National,saturating,37,1985,False,,1.0,0.0,-0.0039,0.9894,0.9933,False,0.757
665,Electricity,Czech Republic,National,saturating,31,1985,False,,1.0,0.0,0.0021,0.9871,0.9851,False,0.742
666,Electricity,Ireland,National,pre_saturation,37,1985,False,,1.0,0.0,0.0217,0.9919,0.9702,False,0.649
667,Electricity,Denmark,National,pre_saturation,37,1985,True,Truncated-start,0.743,0.791,,,,False,
668,Electricity,France,National,saturating,24,1985,False,,1.0,0.0,-0.0112,0.9882,0.9994,False,0.75
669,Electricity,Germany,National,pre_saturation,37,1985,False,,1.0,0.0,0.1429,0.9901,0.8472,False,0.459
670,Radio,Kenya,National,pre_saturation,37,1963,False,,1.0,0.0,-0.0106,0.9889,0.9994,False,0.784
671,Electricity,Greece,National,pre_saturation,37,1985,False,,1.0,0.0,0.0853,0.9895,0.9042,False,0.568
672,Electricity,Hungary,National,pre_saturation,37,1985,False,,0.888,0.0,0.0602,0.9859,0.9257,True,0.568
673,Electricity,Cyprus,National,pre_saturation,37,1985,False,,1.0,0.0,-0.0202,0.9726,0.9927,False,0.811
674,Electricity,Finland,National,pre_saturation,37,1985,False,,1.0,0.1,0.1535,0.9943,0.8408,True,0.324
675,Electricity,Iceland,National,saturating,37,1985,False,,1.0,0.0,-0.0271,0.9373,0.9644,False,0.838
676,Electricity,Trinidad & Tobago,National,saturating,33,1985,False,,1.0,0.0,-0.0007,0.9888,0.9894,False,0.697
677,Electricity,Venezuela,National,pre_saturation,37,1985,False,,1.0,0.0,0.0001,0.9881,0.988,False,0.757
679,Electricity,Bulgaria,National,pre_saturation,37,1985,True,Truncated-start,1.0,0.668,,,,False,
680,Electricity,Austria,National,saturating,37,1985,False,,0.834,0.0,0.1389,0.9883,0.8494,True,0.324
681,Electricity,Belgium,National,pre_saturation,37,1985,False,,1.0,0.0,0.0394,0.9988,0.9594,True,0.568
682,Television,Albania,National,pre_saturation,36,1964,False,,1.0,0.0,-0.0112,0.9888,1.0,False,0.778
683,Telephones,South Korea,National,pre_saturation,37,1952,False,,1.0,0.0,-0.0055,0.9856,0.9911,False,0.784
684,Radio,Malawi,National,pre_saturation,36,1964,False,,1.0,0.0,-0.0079,0.9912,0.9992,False,0.778
685,Passenger Cars,Liberia,National,pre_saturation,36,1962,False,,1.0,0.0,0.0524,0.9688,0.9163,False,0.694
686,Television,Democratic Republic of the Congo,National,pre_saturation,36,1964,False,,1.0,0.0,-0.0114,0.9886,1.0,False,0.778
687,Real-Time Gross Settlement Adoption,United States,National,pre_saturation,36,1970,False,,1.0,0.0,0.4,0.9947,0.5947,False,0.278
688,Television,Ghana,National,pre_saturation,36,1964,False,,1.0,0.0,0.076,0.999,0.923,True,0.5
689,Radio,Zambia,National,pre_saturation,36,1964,True,Truncated-start,0.386,1.0,,,,False,
690,Television,Zambia,National,pre_saturation,36,1964,False,,1.0,0.0,-0.0127,0.9864,0.9992,False,0.806
691,Telephones,Philippines,National,pre_saturation,39,1950,False,,1.0,0.0,0.0214,0.9638,0.9424,False,0.795
692,Telephones,Uganda,National,pre_saturation,37,1952,False,,1.0,0.0,0.0162,0.9928,0.9766,False,0.703
693,Television,Pakistan,National,pre_saturation,36,1964,False,,1.0,0.0,0.0072,0.9875,0.9803,False,0.722
694,Television,Madagascar,National,pre_saturation,35,1968,False,,1.0,0.0,0.0097,0.9931,0.9833,False,0.714
695,Television,Suriname,National,pre_saturation,37,1965,False,,1.0,0.0,0.047,0.9608,0.9139,False,0.757
696,Radio,Gambia,National,pre_saturation,35,1965,True,Truncated-start,1.0,0.385,,,,False,
697,Passenger Cars,Afghanistan,National,pre_saturation,36,1957,False,,1.0,0.0,-0.0131,0.9862,0.9993,False,0.806
698,Radio,Zimbabwe,National,pre_saturation,35,1965,False,,1.0,0.0,-0.0125,0.9868,0.9994,False,0.771
699,Passenger Cars,Lebanon,National,pre_saturation,37,1946,False,,1.0,0.0,-0.0111,0.9889,1.0,False,0.784
701,Radio,Singapore,National,pre_saturation,35,1965,False,,1.0,0.0,-0.0101,0.9889,0.999,False,0.771
703,Television,Singapore,National,pre_saturation,35,1965,False,,1.0,0.0,-0.0103,0.9882,0.9985,False,0.8
704,Television,Paraguay,National,pre_saturation,35,1965,False,,1.0,0.0,-0.0113,0.9887,1.0,False,0.771
705,Telephones,Guinea,National,pre_saturation,36,1958,False,,1.0,0.0,0.6777,0.9937,0.316,False,0.111
706,Power Steering,United States,National,saturating,34,1951,False,,1.0,0.0,0.02,0.9873,0.9673,False,0.706
707,Radio,Botswana,National,pre_saturation,34,1966,False,,1.0,0.0,-0.0113,0.9887,1.0,False,0.765
709,Telephones,Oman,National,pre_saturation,35,1968,False,,1.0,0.0,0.7506,0.9917,0.2411,False,0.086
710,Radio,Lesotho,National,pre_saturation,34,1966,False,,1.0,0.0,0.8354,0.9955,0.1601,False,0.029
712,Radio,Guyana,National,pre_saturation,34,1966,True,Truncated-start,1.0,1.0,,,,False,
713,Steamships,Netherlands,National,pre_saturation,34,1846,False,,1.0,0.0,0.0874,0.793,0.7055,True,0.912
714,Television,Mongolia,National,pre_saturation,34,1966,False,,1.0,0.0,-0.0146,0.9833,0.9979,False,0.794
715,Cellphones,World,Global,pre_saturation,33,1978,False,,1.0,0.0,-0.0061,0.9879,0.9939,False,0.758
716,Telephones,Kuwait,National,pre_saturation,33,1956,False,,1.0,0.0,0.2303,0.9982,0.7679,True,0.303
717,Passenger Cars,Burkina Faso,National,pre_saturation,34,1954,False,,1.0,0.0,-0.0125,0.9872,0.9997,False,0.794
718,Passenger Cars,Papua New Guinea,National,pre_saturation,37,1956,False,,1.0,0.0,-0.0182,0.9611,0.9793,False,0.838
719,Telephones,Taiwan,National,pre_saturation,33,1956,False,,1.0,0.0,-0.0042,0.9875,0.9918,False,0.758
720,Television,Greece,National,pre_saturation,33,1967,False,,1.0,0.0,0.0114,0.9829,0.9715,False,0.727
721,Radio,Yemen,National,pre_saturation,33,1967,False,,1.0,0.0,-0.0114,0.9886,1.0,False,0.758
723,Television,Jordan,National,pre_saturation,33,1967,False,,1.0,0.0,-0.0053,0.9807,0.986,False,0.818
724,Microcomputers,United States,National,pre_saturation,33,1984,False,,1.0,0.0,-0.0085,0.99,0.9985,False,0.758
725,Crop Harvester,Sri Lanka,National,saturating,33,1969,False,,1.0,0.0,0.8999,0.9881,0.0882,False,0.0
727,Television,Mauritius,National,pre_saturation,32,1968,False,,1.0,0.0,0.0181,0.9864,0.9683,False,0.688
728,Radio,Swaziland,National,pre_saturation,32,1968,False,,1.0,0.0,-0.0115,0.9885,1.0,False,0.75
729,Telephones,Niger,National,pre_saturation,34,1960,False,,1.0,0.0,0.3472,0.9946,0.6475,False,0.294
730,Radio,Mauritius,National,pre_saturation,32,1968,False,,1.0,0.0,0.2893,0.9944,0.7052,False,0.312
732,Passenger Cars,Rwanda,National,pre_saturation,38,1955,True,Truncated-start,1.0,0.39,,,,False,
734,Television,Senegal,National,pre_saturation,32,1968,False,,1.0,0.0,-0.0092,0.9886,0.9978,False,0.75
735,Passenger Cars,Burundi,National,pre_saturation,33,1962,True,Truncated-start,0.001,1.0,,,,False,
736,Television,Taiwan,National,pre_saturation,32,1968,False,,1.0,0.0,-0.0118,0.9881,0.9999,False,0.781
737,Television,Bolivia,National,pre_saturation,31,1970,False,,1.0,0.0,-0.011,0.9887,0.9997,False,0.806
738,Radio,Burundi,National,pre_saturation,31,1969,False,,1.0,0.0,0.0106,0.9855,0.9749,False,0.742
739,Television,Tanzania,National,pre_saturation,31,1969,False,,1.0,0.0,0.0,0.9866,0.9866,False,0.742
740,Radio,Oman,National,pre_saturation,30,1970,False,,1.0,0.0,-0.0115,0.9885,1.0,False,0.8
741,Cable TV,United States,National,pre_saturation,30,1968,False,,1.0,0.0,-0.0069,0.989,0.9959,False,0.767
742,Television,Libya,National,pre_saturation,30,1970,False,,1.0,0.0,0.0256,0.9879,0.9623,False,0.733
743,Telephones,Republic of the Congo,National,saturating,30,1959,False,,1.0,0.0,0.3982,0.9945,0.5964,False,0.267
744,Radio,Bangladesh,National,pre_saturation,29,1971,False,,1.0,0.0,-0.0113,0.9884,0.9997,False,0.793
745,Television,Bangladesh,National,pre_saturation,29,1971,False,,1.0,0.0,-0.0109,0.989,0.9999,False,0.793
746,Television,Egypt,National,pre_saturation,29,1971,False,,1.0,0.0,-0.0116,0.9884,1.0,False,0.793
747,Television,Equatorial Guinea,National,pre_saturation,29,1971,False,,1.0,0.0,0.0221,0.9846,0.9625,False,0.69
843,Television,Mozambique,National,pre_saturation,28,1975,False,,1.0,0.0,0.1585,0.9938,0.8353,False,0.429
844,Telephones,Croatia,National,pre_saturation,28,1975,False,,1.0,0.0,-0.0074,0.9894,0.9967,False,0.75
845,Television,Yemen,National,pre_saturation,28,1975,False,,1.0,0.0,-0.0115,0.9884,0.9999,False,0.786
846,Passenger Cars,Burma,National,pre_saturation,28,1948,True,Truncated-start,0.596,0.623,,,,False,
847,Telephones,Moldova,National,pre_saturation,28,1975,False,,1.0,0.0,-0.0118,0.9881,0.9999,False,0.786
848,Telephones,Iceland,National,saturating,28,1975,True,Truncated-start,0.185,1.0,,,,False,
849,Telephones,Albania,National,pre_saturation,28,1975,False,,1.0,0.0,-0.0048,0.986,0.9907,False,0.786
850,Telephones,Laos,National,pre_saturation,28,1975,False,,0.993,0.095,0.1695,0.9966,0.8271,False,0.464
855,Telephones,Azerbaijan,National,pre_saturation,28,1975,False,,1.0,0.0,0.0118,0.9824,0.9706,False,0.714
857,Television,Oman,National,pre_saturation,28,1975,True,Truncated-start,1.0,0.801,,,,False,
861,Television,Togo,National,pre_saturation,28,1975,False,,1.0,0.0,0.1393,0.9611,0.8218,False,0.571
862,Telephones,Gambia,National,pre_saturation,28,1975,False,,1.0,0.0,-0.0079,0.9886,0.9966,False,0.75
863,Telephones,Bangladesh,National,pre_saturation,28,1975,False,,1.0,0.0,-0.0112,0.9888,1.0,False,0.786
864,Telephones,Estonia,National,saturating,28,1975,False,,1.0,0.0,0.0509,0.9769,0.926,False,0.643
865,Wet Flue Gas Desulfurization Systems,Japan,National,pre_saturation,28,1972,False,,1.0,0.0,-0.001,0.9861,0.9872,False,0.786
866,Wet Flue Gas Desulfurization Systems,United States,National,pre_saturation,28,1972,False,,1.0,0.0,0.1617,0.9938,0.832,False,0.429
867,Telephones,Lesotho,National,pre_saturation,28,1975,False,,1.0,0.0,0.0087,0.9898,0.9812,False,0.714
868,Telephones,Latvia,National,saturating,28,1975,False,,1.0,0.0,0.0006,0.9846,0.984,False,0.75
869,Telephones,Belarus,National,pre_saturation,28,1975,False,,1.0,0.0,-0.0101,0.9887,0.9988,False,0.75
870,Telephones,Kazakhstan,National,pre_saturation,28,1975,False,,1.0,0.0,-0.0004,0.9883,0.9887,False,0.75
871,Wet Flue Gas Desulfurization Systems,Germany,National,pre_saturation,28,1972,False,,1.0,0.0,-0.0133,0.9843,0.9976,False,0.786
872,Telephones,Belize,National,saturating,27,1975,False,,1.0,0.0,0.0985,0.9608,0.8622,False,0.593
873,Television,South Africa,National,pre_saturation,28,1975,False,,1.0,0.0,0.0631,0.9899,0.9268,False,0.607
874,Telephones,Tajikistan,National,pre_saturation,28,1975,False,,1.0,0.0,-0.0116,0.9884,1.0,False,0.786
875,Telephones,Uzbekistan,National,pre_saturation,28,1975,False,,1.0,0.0,0.0033,0.9841,0.9808,False,0.75
877,Telephones,Kyrgyzstan,National,pre_saturation,28,1975,False,,1.0,0.0,-0.007,0.9892,0.9961,False,0.75
884,Telephones,Georgia,National,pre_saturation,28,1975,False,,1.0,0.0,-0.0022,0.988,0.9902,False,0.75
888,Telephones,Lithuania,National,pre_saturation,28,1975,False,,1.0,0.0,-0.0117,0.9883,1.0,False,0.786
894,Telephones,Armenia,National,saturating,18,1975,False,,1.0,0.0,-0.0032,0.9878,0.991,False,0.722
899,Telephones,Russia,National,pre_saturation,28,1975,False,,1.0,0.0,0.0114,0.9829,0.9715,False,0.714
900,Telephones,Nepal,National,pre_saturation,28,1975,False,,1.0,0.0,-0.003,0.9848,0.9878,False,0.786
902,Telephones,Papua New Guinea,National,pre_saturation,28,1975,False,,1.0,0.0,0.004,0.9891,0.9851,False,0.75
903,Telephones,Slovak Republic,National,pre_saturation,28,1975,False,,1.0,0.0,-0.0116,0.9884,1.0,False,0.786
908,Telephones,United Arab Emirates,National,pre_saturation,28,1975,False,,1.0,0.0,-0.0079,0.9885,0.9964,False,0.75
910,Telephones,Luxembourg,National,pre_saturation,28,1975,False,,1.0,0.0,0.0058,0.9844,0.9786,False,0.75
911,Telephones,Ukraine,National,pre_saturation,28,1975,False,,1.0,0.0,-0.0116,0.9884,1.0,False,0.786
912,Telephones,Turkmenistan,National,saturating,28,1975,False,,1.0,0.0,-0.0116,0.9884,1.0,False,0.786
913,Telephones,Mauritania,National,pre_saturation,28,1975,False,,1.0,0.0,0.0562,0.9761,0.9199,False,0.607
920,Insect-Resistant Cotton,United States,National,pre_saturation,27,1996,False,,1.0,0.0,-0.0106,0.9893,0.9999,False,0.778
921,Herbicide-Tolerant Soybeans,United States,National,pre_saturation,27,1996,False,,1.0,0.0,0.0225,0.9855,0.963,False,0.667
922,Herbicide-Tolerant Cotton,United States,National,pre_saturation,27,1996,False,,1.0,0.0,0.0139,0.9873,0.9734,False,0.704
923,Television,Central African Republic,National,pre_saturation,27,1976,False,,1.0,0.0,-0.0115,0.9885,1.0,False,0.778
924,Herbicide-Tolerant Corn,United States,National,pre_saturation,27,1996,False,,1.0,0.0,0.0093,0.9854,0.9761,False,0.704
926,Television,Niger,National,pre_saturation,27,1975,False,,0.999,0.0,0.1297,0.9935,0.8638,False,0.444
927,Television,Belarus,National,pre_saturation,27,1975,False,,1.0,0.0,0.0042,0.9836,0.9794,False,0.741
928,Television,Hong Kong,National,pre_saturation,27,1975,False,,1.0,0.0,-0.0013,0.99,0.9913,False,0.704
929,Television,United Arab Emirates,National,pre_saturation,27,1975,False,,1.0,0.0,0.076,0.9678,0.8918,False,0.63
931,Insect-Resistant Corn,United States,National,pre_saturation,27,1996,False,,1.0,0.0,0.0187,0.9859,0.9672,False,0.667
935,Television,Chad,National,pre_saturation,26,1974,False,,1.0,0.0,0.01,0.9892,0.9791,False,0.731
936,Passenger Cars,Laos,National,pre_saturation,27,1948,False,,1.0,0.0,-0.0106,0.9892,0.9998,False,0.778
937,Radio,Guinea-Bissau,National,pre_saturation,26,1974,False,,1.0,0.0,-0.0108,0.989,0.9998,False,0.769
938,Television,Somalia,National,pre_saturation,26,1974,False,,1.0,0.0,-0.0108,0.989,0.9998,False,0.769
939,Steamships,Chile,National,pre_saturation,32,1853,False,,1.0,0.228,-0.0015,0.9925,0.9939,False,0.844
941,Telephones,Jordan,National,pre_saturation,26,1977,False,,1.0,0.0,0.0102,0.9878,0.9775,False,0.692
944,Television,Swaziland,National,pre_saturation,26,1977,False,,1.0,0.0,0.6578,0.9907,0.3329,False,0.115
947,Radio,Papua New Guinea,National,pre_saturation,25,1975,False,,1.0,0.0,-0.0005,0.9891,0.9896,False,0.76
950,Steamships,Cuba,National,pre_saturation,25,1900,True,Truncated-start,1.0,0.391,,,,False,
951,Radio,Angola,National,pre_saturation,25,1975,False,,1.0,0.0,-0.0007,0.989,0.9897,False,0.76
952,Television,Angola,National,pre_saturation,25,1975,False,,1.0,0.0,-0.0109,0.9882,0.9991,False,0.76
953,Television,Benin,National,pre_saturation,25,1977,True,Truncated-start,0.069,1.0,,,,False,
954,Radio,Mozambique,National,pre_saturation,25,1975,False,,1.0,0.0,0.0274,0.9908,0.9634,False,0.64
955,Television,Afghanistan,National,pre_saturation,24,1978,False,,1.0,0.0,-0.0071,0.9885,0.9956,False,0.792
956,Telephones,Czech Republic,National,saturating,24,1979,False,,1.0,0.0,-0.0075,0.9885,0.996,False,0.792
957,Television,Rwanda,National,pre_saturation,24,1975,False,,1.0,0.0,-0.0119,0.9881,1.0,False,0.75
958,Radio,Vietnam,National,pre_saturation,24,1976,False,,1.0,0.0,-0.0119,0.9881,1.0,False,0.75
960,Television,Vietnam,National,pre_saturation,24,1976,False,,1.0,0.0,-0.0119,0.9881,1.0,False,0.75
961,Household Internet Access,United States,National,pre_saturation,24,1993,False,,1.0,0.0,0.0017,0.9894,0.9877,False,0.75
962,Television,Burma,National,pre_saturation,23,1980,False,,1.0,0.0,-0.0109,0.9881,0.9991,False,0.739
965,Onshore Wind Energy,Hungary,National,saturating,23,2000,False,,1.0,0.0,0.0227,0.9913,0.9686,False,0.652
975,Onshore Wind Energy,India,National,pre_saturation,23,2000,False,,1.0,0.0,0.0163,0.9907,0.9744,False,0.696
977,Onshore Wind Energy,Poland,National,pre_saturation,23,2000,False,,1.0,0.0,-0.0116,0.9881,0.9997,False,0.739
978,Onshore Wind Energy,Portugal,National,pre_saturation,23,2000,False,,1.0,0.0,-0.0074,0.9884,0.9958,False,0.783
980,Onshore Wind Energy,Republic of Korea,National,pre_saturation,23,2000,False,,1.0,0.0,-0.006,0.9886,0.9945,False,0.783
992,Onshore Wind Energy,Sweden,National,pre_saturation,23,2000,False,,1.0,0.0,-0.0112,0.9881,0.9993,False,0.739
993,Onshore Wind Energy,Switzerland,National,saturating,23,2000,False,,1.0,0.0,0.0227,0.9913,0.9686,False,0.652
995,Onshore Wind Energy,France,National,pre_saturation,23,2000,False,,1.0,0.0,0.0163,0.9904,0.9741,False,0.696
996,Onshore Wind Energy,Finland,National,pre_saturation,23,2000,False,,1.0,0.0,0.0339,0.9909,0.957,False,0.609
997,Onshore Wind Energy,Spain,National,pre_saturation,23,2000,False,,1.0,0.0,-0.0109,0.9881,0.999,False,0.783
1000,Onshore Wind Energy,Greece,National,pre_saturation,23,2000,False,,1.0,0.0,-0.0023,0.9889,0.9912,False,0.739
1002,Onshore Wind Energy,Germany,National,pre_saturation,23,2000,False,,1.0,0.0,-0.0111,0.9881,0.9992,False,0.739
1010,Onshore Wind Energy,Luxembourg,National,pre_saturation,23,2000,True,Truncated-start,0.001,1.0,,,,False,
1011,Onshore Wind Energy,Netherlands (Kingdom of the),National,pre_saturation,23,2000,False,,1.0,0.0,0.0364,0.9906,0.9542,False,0.609
1022,Onshore Wind Energy,Japan,National,pre_saturation,23,2000,False,,1.0,0.0,-0.0117,0.9881,0.9998,False,0.739
1028,Onshore Wind Energy,Italy,National,pre_saturation,23,2000,False,,1.0,0.0,-0.0023,0.9889,0.9912,False,0.739
1030,Onshore Wind Energy,Ireland,National,pre_saturation,23,2000,False,,1.0,0.0,-0.0018,0.9889,0.9907,False,0.739
1035,Onshore Wind Energy,New Caledonia,National,saturating,23,2000,False,,1.0,0.0,0.0341,0.9908,0.9567,False,0.609
1042,Telephones,Yemen,National,pre_saturation,23,1980,False,,1.0,0.0,0.0018,0.9892,0.9874,False,0.739
1044,Onshore Wind Energy,Belarus,National,saturating,23,2000,False,,1.0,0.0,-0.0091,0.9883,0.9973,False,0.783
1045,Onshore Wind Energy,Belgium,National,pre_saturation,23,2000,False,,1.0,0.0,-0.0034,0.9888,0.9922,False,0.739
1050,Onshore Wind Energy,Brazil,National,pre_saturation,23,2000,False,,1.0,0.0,0.0485,0.9883,0.9397,False,0.609
1055,Onshore Wind Energy,Canada,National,pre_saturation,23,2000,False,,1.0,0.0,-0.0109,0.9881,0.999,False,0.783
1059,Onshore Wind Energy,Argentina,National,pre_saturation,23,2000,False,,1.0,0.0,0.0146,0.9906,0.976,False,0.696
1062,Onshore Wind Energy,Australia,National,pre_saturation,23,2000,False,,1.0,0.0,-0.01,0.9882,0.9982,False,0.783
1063,Onshore Wind Energy,Austria,National,pre_saturation,23,2000,False,,1.0,0.0,0.0134,0.9902,0.9768,False,0.696
1068,Onshore Wind Energy,United Kingdom of Great Britain and Northern Ireland,National,pre_saturation,23,2000,False,,1.0,0.0,-0.0062,0.9885,0.9947,False,0.783
1076,Onshore Wind Energy,United States of America,National,pre_saturation,23,2000,False,,1.0,0.0,-0.0017,0.989,0.9907,False,0.739
1080,Onshore Wind Energy,Ukraine,National,pre_saturation,23,2000,False,,1.0,0.0,0.0005,0.9892,0.9887,False,0.739
1090,Onshore Wind Energy,Costa Rica,National,saturating,22,2000,False,,1.0,0.0,0.0098,0.9905,0.9807,False,0.682
1091,Onshore Wind Energy,Czechia,National,saturating,23,2000,True,Truncated-start,0.0,1.0,,,,False,
1092,Onshore Wind Energy,Chinese Taipei,National,pre_saturation,23,2000,False,,1.0,0.0,-0.0085,0.9883,0.9968,False,0.783
1094,Onshore Wind Energy,China,National,pre_saturation,23,2000,False,,1.0,0.0,-0.0071,0.9884,0.9955,False,0.783
1095,Onshore Wind Energy,Chile,National,pre_saturation,23,2000,False,,1.0,0.0,0.0227,0.9913,0.9686,False,0.652
1101,Onshore Wind Energy,Denmark,National,pre_saturation,23,2000,False,,1.0,0.0,0.0056,0.9895,0.9839,False,0.739
1105,Solar Photovoltaic,United Kingdom of Great Britain and Northern Ireland,National,pre_saturation,22,2000,False,,1.0,0.0,-0.0121,0.9879,1.0,False,0.727
1106,Solar Photovoltaic,United States of America,National,pre_saturation,22,2000,False,,1.0,0.0,-0.0118,0.988,0.9997,False,0.773
1107,Passenger Cars,Lesotho,National,pre_saturation,22,1970,True,Truncated-start,1.0,0.417,,,,False,
1108,Geothermal Energy,Japan,National,saturating,14,2000,True,Truncated-start,1.0,1.0,,,,False,
1109,Geothermal Energy,Italy,National,pre_saturation,22,2000,True,Truncated-start,0.002,1.0,,,,False,
1110,Geothermal Energy,Indonesia,National,pre_saturation,22,2000,False,,1.0,0.0,0.0098,0.9905,0.9807,False,0.682
1111,Geothermal Energy,Iceland,National,pre_saturation,22,2000,False,,1.0,0.0,0.0098,0.9905,0.9807,False,0.682
1112,Telephones,Somalia,National,pre_saturation,22,1981,True,Truncated-start,0.896,1.0,,,,False,
1113,Geothermal Energy,Costa Rica,National,saturating,22,2000,True,Truncated-start,1.0,1.0,,,,False,
1114,Television,Sri Lanka,National,pre_saturation,23,1979,False,,1.0,0.0,0.0169,0.9905,0.9736,False,0.696
1116,Geothermal Energy,United States of America,National,pre_saturation,22,2000,True,Truncated-start,0.142,1.0,,,,False,
1117,Geothermal Energy,Türkiye,National,pre_saturation,22,2000,True,Truncated-start,1.0,1.0,,,,False,
1120,Geothermal Energy,Nicaragua,National,pre_saturation,22,2000,False,,1.0,0.0,0.0463,0.9894,0.9431,False,0.591
1121,Geothermal Energy,New Zealand,National,pre_saturation,22,2000,True,Truncated-start,0.983,1.0,,,,False,
1122,Geothermal Energy,Mexico,National,pre_saturation,22,2000,True,Truncated-start,0.602,1.0,,,,False,
1123,Telephones,Equatorial Guinea,National,pre_saturation,22,1981,False,,1.0,0.0,-0.012,0.9879,1.0,False,0.727
1124,Television,Guinea,National,pre_saturation,22,1978,False,,1.0,0.0,-0.0121,0.9879,1.0,False,0.727
1125,Telephones,Guinea-Bissau,National,pre_saturation,22,1981,False,,1.0,0.0,-0.0088,0.9883,0.997,False,0.773
1126,Offshore Wind Energy,Sweden,National,saturating,22,2000,False,,1.0,0.0,0.0098,0.9905,0.9807,False,0.682
1128,Solar Photovoltaic,Slovenia,National,pre_saturation,22,2000,True,Truncated-start,1.0,1.0,,,,False,
1129,Solar Thermal Energy,United States of America,National,saturating,21,2000,True,Truncated-start,0.291,1.0,,,,False,
1131,Solar Photovoltaic,Japan,National,pre_saturation,22,2000,False,,1.0,0.0,-0.0086,0.9882,0.9968,False,0.773
1132,Solar Photovoltaic,Spain,National,pre_saturation,22,2000,False,,1.0,0.0,-0.0086,0.9882,0.9968,False,0.773
1133,Solar Photovoltaic,Italy,National,pre_saturation,22,2000,False,,1.0,0.0,0.0007,0.9888,0.9881,False,0.727
1134,Solar Photovoltaic,Sri Lanka,National,pre_saturation,22,2000,True,Truncated-start,1.0,1.0,,,,False,
1135,Solar Photovoltaic,Germany,National,pre_saturation,22,2000,False,,1.0,0.0,-0.0114,0.988,0.9994,False,0.773
1137,Solar Photovoltaic,Switzerland,National,pre_saturation,22,2000,False,,1.0,0.0,-0.0121,0.9879,1.0,False,0.727
1138,Marine Energy,United Kingdom of Great Britain and Northern Ireland,National,pre_saturation,22,2000,True,Truncated-start,0.019,1.0,,,,False,
1139,Solar Photovoltaic,Netherlands,National,pre_saturation,22,2000,False,,1.0,0.0,-0.0097,0.9882,0.9978,False,0.773
1142,Solar Photovoltaic,Republic of Korea,National,pre_saturation,22,2000,False,,1.0,0.0,0.0098,0.9905,0.9807,False,0.682
1143,Solar Photovoltaic,Trinidad and Tobago,National,saturating,22,2000,False,,1.0,0.0,-0.01,0.9881,0.9981,False,0.773
1145,Solar Photovoltaic,Mexico,National,pre_saturation,22,2000,False,,1.0,0.0,-0.0121,0.9879,1.0,False,0.727
1146,Solar Photovoltaic,Türkiye,National,pre_saturation,22,2000,False,,1.0,0.0,-0.0086,0.9882,0.9968,False,0.773
1147,Solar Photovoltaic,Australia,National,pre_saturation,22,2000,False,,1.0,0.0,-0.0111,0.988,0.9992,False,0.773
1149,Solar Photovoltaic,Austria,National,pre_saturation,22,2000,False,,1.0,0.0,-0.0121,0.9879,1.0,False,0.727
1152,Solar Photovoltaic,Finland,National,pre_saturation,22,2000,False,,1.0,0.0,0.0098,0.9905,0.9807,False,0.682
1156,Solar Photovoltaic,Canada,National,pre_saturation,22,2000,False,,1.0,0.0,-0.0076,0.9884,0.996,False,0.773
1157,Solar Photovoltaic,Costa Rica,National,pre_saturation,22,2000,False,,1.0,0.0,-0.0093,0.9881,0.9974,False,0.773
1158,Solar Photovoltaic,Cambodia,National,pre_saturation,22,2000,False,,1.0,0.0,-0.012,0.988,0.9999,False,0.727
1159,Marine Energy,France,National,saturating,22,2000,True,Truncated-start,1.0,0.417,,,,False,
1160,Solar Photovoltaic,China,National,pre_saturation,22,2000,False,,1.0,0.0,0.0007,0.9888,0.9881,False,0.727
1161,Solar Photovoltaic,Chinese Taipei,National,pre_saturation,22,2000,False,,1.0,0.0,-0.0108,0.988,0.9988,False,0.773
1163,Telephones,Libya,National,pre_saturation,21,1981,False,,1.0,0.0,-0.012,0.9879,0.9999,False,0.762
1164,Cellphones,United Arab Emirates,National,pre_saturation,21,1982,False,,1.0,0.0,-0.0121,0.9878,1.0,False,0.762
1167,Telephones,Liberia,National,pre_saturation,21,1981,True,Truncated-start,1.0,0.997,,,,False,
1170,Solar Photovoltaic,Luxembourg,National,pre_saturation,21,2001,False,,1.0,0.0,0.0461,0.9893,0.9431,False,0.571
1171,Solar Photovoltaic,Albania,National,pre_saturation,21,2001,False,,1.0,0.0,0.0018,0.9899,0.9882,False,0.714
1172,Geothermal Energy,Australia,National,saturating,22,2000,True,Truncated-start,1.0,1.0,,,,False,
1174,Television,Lithuania,National,pre_saturation,20,1983,False,,1.0,0.0,-0.0123,0.9877,1.0,False,0.8
1175,Telephones,Macedonia,National,pre_saturation,20,1983,False,,1.0,0.0,-0.0123,0.9877,1.0,False,0.8
1176,Air-Source Heat Pumps,United States,National,pre_saturation,20,2003,False,,1.0,0.0,-0.0123,0.9877,1.0,False,0.8
1177,Television,Georgia,National,pre_saturation,20,1983,False,,1.0,0.0,0.0559,0.9882,0.9323,False,0.65
1178,Television,Mali,National,pre_saturation,20,1983,False,,1.0,0.0,-0.0088,0.9882,0.997,False,0.75
1179,Television,Latvia,National,pre_saturation,20,1983,False,,1.0,0.0,0.0008,0.9884,0.9875,False,0.7
1180,Television,Estonia,National,pre_saturation,20,1983,True,Truncated-start,0.021,1.0,,,,False,
1181,Television,Azerbaijan,National,pre_saturation,20,1983,True,Truncated-start,0.021,1.0,,,,False,
1182,Television,Kazakhstan,National,pre_saturation,19,1983,True,Truncated-start,1.0,0.898,,,,False,
1183,Disk Brakes,United States,National,saturating,19,1966,False,,1.0,0.0,-0.0098,0.9877,0.9975,False,0.737
1184,Television,Uzbekistan,National,pre_saturation,19,1983,False,,1.0,0.0,-0.0123,0.9876,1.0,False,0.789
1185,Television,Turkmenistan,National,pre_saturation,19,1983,True,Truncated-start,0.043,1.0,,,,False,
1186,Solar Photovoltaic,Bosnia and Herzegovina,National,pre_saturation,19,2003,False,,1.0,0.0,-0.0124,0.9876,1.0,False,0.789
1188,Television,Moldova,National,saturating,19,1983,False,,1.0,0.0,-0.0124,0.9876,1.0,False,0.789
1190,Television,Tajikistan,National,pre_saturation,19,1983,False,,1.0,0.0,0.056,0.988,0.932,False,0.632
1191,Television,Ukraine,National,pre_saturation,26,1975,False,,1.0,0.0,-0.0117,0.9883,1.0,False,0.769
1192,Radio,Belize,National,pre_saturation,19,1981,False,,1.0,0.0,0.0397,0.9898,0.9501,False,0.579
1194,Solar Photovoltaic,French Polynesia,National,saturating,18,2004,False,,1.0,0.0,-0.0117,0.9875,0.9992,False,0.778
1195,Television,Burundi,National,pre_saturation,18,1985,False,,1.0,0.0,-0.0101,0.988,0.9981,False,0.722
1197,Television,Lesotho,National,pre_saturation,18,1985,False,,1.0,0.0,-0.0117,0.9876,0.9993,False,0.778
1199,Solar Photovoltaic,Réunion,National,pre_saturation,18,2004,False,,1.0,0.0,0.0498,0.9885,0.9387,False,0.611
1202,Solar Photovoltaic,Israel,National,pre_saturation,17,2005,False,,1.0,0.0,-0.0093,0.9874,0.9967,False,0.765
1203,Solar Photovoltaic,India,National,pre_saturation,17,2005,True,Truncated-start,1.0,1.0,,,,False,
1204,Television,Belize,National,pre_saturation,17,1985,False,,1.0,0.0,-0.0125,0.9873,0.9998,False,0.765
1205,Latent Heat Storage,United States,National,pre_saturation,27,1991,False,,1.0,0.0,-0.0117,0.9883,1.0,False,0.778
1206,Microwaves,United States,National,saturating,42,1975,False,,1.0,0.0,-0.0111,0.9889,1.0,False,0.762
1207,Television,Mauritania,National,pre_saturation,17,1983,False,,1.0,0.0,0.0441,0.989,0.9449,False,0.647
1208,Latent Heat Storage,United States,National,pre_saturation,27,1991,False,,1.0,0.0,-0.0117,0.9883,1.0,False,0.778
1209,Solar Photovoltaic,Serbia,National,pre_saturation,17,2005,False,,1.0,0.0,-0.0037,0.9875,0.9913,False,0.706
1211,Television,Nepal,National,pre_saturation,17,1985,False,,1.0,0.0,-0.0099,0.9874,0.9973,False,0.765
1213,Solar Photovoltaic,Guadeloupe,National,pre_saturation,17,2005,False,,1.0,0.0,-0.0112,0.9874,0.9986,False,0.765
1214,Nox Pollution Controls (Boilers),United States,National,pre_saturation,16,1990,False,,1.0,0.0,-0.0122,0.9873,0.9994,False,0.75
1215,Television,Laos,National,pre_saturation,16,1984,False,,1.0,0.0,-0.0113,0.9877,0.9991,False,0.75
1217,Telephones,Cambodia,National,pre_saturation,16,1987,False,,1.0,0.0,-0.0119,0.9872,0.9991,False,0.75
1219,Solar Photovoltaic,Montenegro,National,pre_saturation,16,2006,False,,1.0,0.0,-0.0128,0.9872,0.9999,False,0.75
1220,Solar Photovoltaic,Thailand,National,pre_saturation,16,2006,False,,1.0,0.0,-0.0113,0.9878,0.9991,False,0.75
1221,Solar Photovoltaic,Martinique,National,pre_saturation,16,2006,False,,1.0,0.0,0.0001,0.9873,0.9872,False,0.688
1223,Television,Botswana,National,pre_saturation,15,1987,False,,1.0,0.0,0.0549,0.9874,0.9324,False,0.6
1224,Solar Photovoltaic,Hungary,National,pre_saturation,15,2007,False,,1.0,0.0,-0.012,0.9875,0.9995,False,0.733
1225,Television,Cameroon,National,pre_saturation,15,1987,False,,1.0,0.0,0.0559,0.9873,0.9314,False,0.6
1226,Television,Papua New Guinea,National,pre_saturation,15,1987,False,,1.0,0.0,0.0359,0.9878,0.9519,False,0.667
1227,Lead-Acid Battery Storage,United States,National,pre_saturation,30,1987,False,,1.0,0.0,0.1798,0.9932,0.8134,False,0.433
1228,Television,Guyana,National,pre_saturation,15,1987,False,,1.0,0.0,0.0551,0.9873,0.9323,False,0.6
1230,Lead-Acid Battery Storage,United States,National,pre_saturation,30,1987,False,,1.0,0.0,0.0468,0.986,0.9392,False,0.667
1232,Ethanol,World,Global,pre_saturation,15,1958,False,,1.0,0.0,-0.005,0.987,0.992,False,0.733
1233,Solar Photovoltaic,Bulgaria,National,pre_saturation,15,2007,False,,1.0,0.0,0.0552,0.9873,0.9321,False,0.6
1234,Passenger Cars,China,National,pre_saturation,20,1978,False,,1.0,0.0,-0.0123,0.9877,1.0,False,0.8
1236,Solar Photovoltaic,Malaysia,National,pre_saturation,15,2007,False,,1.0,0.0,-0.012,0.9875,0.9995,False,0.733
1237,Steamships,Sweden,National,pre_saturation,15,1865,False,,1.0,0.0,0.048,0.9881,0.9401,False,0.6
1239,Social Media Usage,United States,National,saturating,15,2005,False,,1.0,0.0,-0.0128,0.987,0.9998,False,0.733
1241,Solar Photovoltaic,Pakistan,National,pre_saturation,15,2007,False,,1.0,0.0,0.0504,0.9879,0.9375,False,0.6
1243,Solar Photovoltaic,Singapore,National,pre_saturation,14,2008,False,,1.0,0.0,-0.0131,0.9867,0.9999,False,0.714
1245,Solar Photovoltaic,Grenada,National,pre_saturation,14,2008,False,,1.0,0.0,-0.012,0.9868,0.9988,False,0.714
1246,Solar Photovoltaic,Mayotte,National,pre_saturation,14,2008,False,,1.0,0.0,0.0512,0.9875,0.9363,False,0.643
1247,Solar Photovoltaic,French Guiana,National,pre_saturation,14,2008,False,,1.0,0.0,0.0537,0.9872,0.9335,False,0.571
1248,Telephones,Slovenia,National,pre_saturation,18,1985,False,,1.0,0.0,-0.0125,0.9875,1.0,False,0.778
1249,Electric Bicycles,China,National,pre_saturation,14,1997,False,,1.0,0.0,0.0207,0.9869,0.9662,False,0.714
1250,Solar Thermal Energy,Israel,National,saturating,14,2008,False,,1.0,0.0,-0.0126,0.9872,0.9997,False,0.714
1252,Compact Fluorescent Light Bulbs,World,Global,pre_saturation,14,1990,False,,1.0,0.0,-0.0131,0.9867,0.9998,False,0.714
1254,Cellphones,Saudi Arabia,National,pre_saturation,13,1990,False,,1.0,0.0,-0.0133,0.9865,0.9998,False,0.692
1255,Offshore Wind Energy,Germany,National,pre_saturation,13,2009,False,,1.0,0.0,0.0011,0.9863,0.9852,False,0.769
1258,Radial Tires,United States,National,pre_saturation,13,1972,False,,1.0,0.0,0.0338,0.9868,0.953,False,0.615
1259,Television,Slovenia,National,saturating,13,1990,False,,1.0,0.0,-0.0131,0.9867,0.9998,False,0.692
1260,Solar Photovoltaic,United Arab Emirates,National,pre_saturation,13,2009,False,,1.0,0.0,0.0024,0.9863,0.9839,False,0.769
1261,Solar Photovoltaic,Puerto Rico,National,pre_saturation,13,2009,False,,1.0,0.0,-0.0017,0.9863,0.988,False,0.769
1264,Offshore Wind Energy,Belgium,National,pre_saturation,13,2009,False,,1.0,0.0,-0.0131,0.9868,0.9999,False,0.692
1265,Solar Photovoltaic,Saint Lucia,National,saturating,13,2009,False,,1.0,0.0,-0.0131,0.9868,0.9999,False,0.692
1267,Solar Photovoltaic,Guam,National,saturating,13,2009,False,,1.0,0.0,-0.0135,0.9865,1.0,False,0.692
1270,Cellphones,Israel,National,pre_saturation,13,1990,False,,1.0,0.0,-0.0122,0.9865,0.9987,False,0.692
1271,Television,Gambia,National,pre_saturation,13,1987,False,,1.0,0.0,-0.012,0.9865,0.9985,False,0.692
1272,Television,Czech Republic,National,pre_saturation,12,1990,False,,1.0,0.0,-0.0138,0.9862,1.0,False,0.667
1273,Lithium-Ion Battery Storage,United States,National,pre_saturation,12,2009,False,,1.0,0.0,0.0532,0.9866,0.9334,False,0.583
1274,Lithium-Ion Battery Storage,United States,National,pre_saturation,12,2009,False,,1.0,0.0,0.0233,0.986,0.9627,False,0.667
1275,Passenger Cars,Azerbaijan,National,pre_saturation,12,1990,True,Truncated-start,0.999,1.0,,,,False,
1276,Solar Photovoltaic,Bahrain,National,pre_saturation,12,2010,False,,1.0,0.0,0.0574,0.9862,0.9287,False,0.583
1277,Solar Photovoltaic,Slovakia,National,pre_saturation,12,2010,False,,1.0,0.0,-0.0135,0.9864,0.9999,False,0.667
1278,Solar Photovoltaic,South Africa,National,pre_saturation,12,2010,False,,1.0,0.0,-0.0132,0.9862,0.9994,False,0.667
1279,Solar Photovoltaic,Indonesia,National,pre_saturation,12,2010,False,,1.0,0.0,0.0519,0.9868,0.9349,False,0.583
1280,Solar Photovoltaic,Lebanon,National,saturating,12,2010,True,Truncated-start,1.0,0.39,,,,False,
1281,Solar Photovoltaic,Republic of North Macedonia,National,pre_saturation,12,2010,False,,1.0,0.0,-0.0138,0.9862,1.0,False,0.667
1282,Solar Photovoltaic,Russian Federation,National,pre_saturation,12,2010,False,,1.0,0.0,0.0536,0.9866,0.933,False,0.583
1283,Passenger Cars,Albania,National,pre_saturation,12,1990,False,,1.0,0.0,-0.0124,0.9862,0.9986,False,0.75
1284,Solar Photovoltaic,Tunisia,National,pre_saturation,12,2010,False,,1.0,0.0,0.0013,0.9859,0.9846,False,0.75
1285,Solar Photovoltaic,Ukraine,National,pre_saturation,12,2010,False,,1.0,0.0,-0.0138,0.9862,1.0,False,0.667
1288,Television,Croatia,National,pre_saturation,11,1990,False,,1.0,0.0,-0.0113,0.9858,0.9971,False,0.727
1289,Television,Macedonia,National,pre_saturation,11,1990,False,,1.0,0.0,-0.014,0.986,1.0,False,0.727
1290,Solar Photovoltaic,Uruguay,National,pre_saturation,11,2011,False,,1.0,0.0,0.0549,0.986,0.9312,False,0.545
1291,Solar Photovoltaic,State of Palestine,National,pre_saturation,11,2011,False,,1.0,0.0,-0.014,0.986,1.0,False,0.727
1292,Passenger Cars,Slovenia,National,pre_saturation,11,1990,False,,1.0,0.0,-0.0141,0.9858,1.0,False,0.727
1293,Passenger Cars,Ukraine,National,pre_saturation,11,1990,False,,1.0,0.0,-0.0141,0.9858,1.0,False,0.727
1295,Passenger Cars,Lithuania,National,pre_saturation,11,1990,False,,1.0,0.0,-0.0142,0.9858,1.0,False,0.727
1296,Passenger Cars,Iceland,National,pre_saturation,11,1990,True,Truncated-start,1.0,0.909,,,,False,
1297,Passenger Cars,Belarus,National,pre_saturation,11,1990,False,,1.0,0.0,-0.0142,0.9858,1.0,False,0.727
1298,Passenger Cars,Slovak Republic,National,pre_saturation,11,1990,False,,1.0,0.0,-0.0142,0.9858,1.0,False,0.727
1299,Solar Photovoltaic,Poland,National,pre_saturation,11,2011,False,,1.0,0.0,0.0548,0.986,0.9313,False,0.545
1300,Passenger Cars,Estonia,National,pre_saturation,11,1990,False,,1.0,0.0,-0.0141,0.9858,1.0,False,0.727
1301,Passenger Cars,Latvia,National,pre_saturation,11,1990,True,Truncated-start,1.0,0.735,,,,False,
1302,Sodium-Based Battery Storage,United States,National,pre_saturation,15,2002,False,,1.0,0.0,-0.013,0.987,1.0,False,0.733
1303,Sodium-Based Battery Storage,United States,National,pre_saturation,15,2002,False,,1.0,0.0,-0.013,0.987,1.0,False,0.733
1304,Home Computers,United States,National,pre_saturation,25,1992,False,,1.0,0.0,-0.0118,0.9882,1.0,False,0.76
1306,Solar Photovoltaic,Dominican Republic,National,pre_saturation,11,2011,False,,1.0,0.0,-0.0126,0.9858,0.9984,False,0.727
1307,Telephones,Eritrea,National,pre_saturation,11,1992,False,,1.0,0.0,0.0551,0.986,0.9309,False,0.545
1308,Sodium-Based Battery Storage,Japan,National,pre_saturation,18,1999,False,,1.0,0.0,-0.0125,0.9875,1.0,False,0.778
1309,Flywheel Battery Storage,United States,National,pre_saturation,15,2006,False,,1.0,0.0,-0.013,0.987,1.0,False,0.733
1310,Telephones,Bosnia-Herzegovina,National,pre_saturation,11,1992,True,Truncated-start,0.997,1.0,,,,False,
1311,Sodium-Based Battery Storage,Japan,National,pre_saturation,18,1999,False,,1.0,0.0,-0.0125,0.9875,1.0,False,0.778
1312,Solar Photovoltaic,Argentina,National,pre_saturation,11,2011,False,,1.0,0.0,-0.014,0.9859,0.9999,False,0.727
1313,Flywheel Battery Storage,United States,National,pre_saturation,15,2006,False,,1.0,0.0,-0.013,0.987,1.0,False,0.733
1314,Podcasting,United States,National,pre_saturation,10,2006,False,,1.0,0.0,-0.0032,0.985,0.9883,False,0.7
1315,Passenger Cars,Moldova,National,pre_saturation,10,1990,True,Truncated-start,1.0,0.959,,,,False,
1316,Crop Harvester,Estonia,National,pre_saturation,10,1992,True,Truncated-start,0.835,1.0,,,,False,
1317,Ebook Reader,United States,National,pre_saturation,10,2009,False,,1.0,0.0,-0.014,0.9854,0.9994,False,0.8
1318,Solar Photovoltaic,Chile,National,pre_saturation,10,2012,False,,1.0,0.0,0.0571,0.9853,0.9281,False,0.6
1319,Television,Bosnia-Herzegovina,National,pre_saturation,10,1991,True,Truncated-start,0.943,1.0,,,,False,
1320,Television,Eritrea,National,pre_saturation,10,1993,False,,1.0,0.0,-0.0145,0.9854,1.0,False,0.8
1322,Solar Photovoltaic,Cuba,National,pre_saturation,10,2012,False,,1.0,0.0,-0.0146,0.9854,1.0,False,0.8
1325,Solar Thermal Energy,China,National,pre_saturation,10,2012,False,,1.0,0.0,-0.0145,0.9855,1.0,False,0.8
1326,Passenger Cars,Russia,National,pre_saturation,10,1991,False,,1.0,0.0,-0.0145,0.9854,0.9999,False,0.8
1328,Hydro Power,World,Global,pre_saturation,136,1882,False,,1.0,0.0,0.3376,0.9952,0.6576,True,0.309
1329,Jet Aircrafts,World,Global,pre_saturation,50,1958,False,,1.0,0.0,0.0158,0.9925,0.9767,True,0.66
1330,Passenger Cars,World,Global,pre_saturation,105,1901,False,,1.0,0.0,0.3158,0.9894,0.6737,True,0.333
1331,Compact Flourescent Lightbulbs,World,Global,pre_saturation,14,1990,False,,1.0,0.0,-0.0131,0.9867,0.9998,False,0.714
1332,Bicycles,World,Global,pre_saturation,146,1862,False,,1.0,0.0,0.2256,0.9923,0.7667,False,0.411
1333,Electric Bicycles,World,Global,pre_saturation,14,1997,False,,1.0,0.0,0.0207,0.9869,0.9662,False,0.714
1334,Motorcycles,World,Global,pre_saturation,109,1900,False,,1.0,0.0,0.172,0.9846,0.8126,False,0.486
1335,Cellphones,World,Global,pre_saturation,32,1979,False,,1.0,0.0,-0.0068,0.9879,0.9947,False,0.75
1336,Washing Machines,World,Global,pre_saturation,89,1920,False,,1.0,0.0,0.0333,0.9843,0.951,False,0.719
1337,Refrigerators,World,Global,pre_saturation,92,1918,False,,1.0,0.0,0.0328,0.9844,0.9515,False,0.717
1338,Laundry Dryers,World,Global,pre_saturation,87,1920,False,,1.0,0.0,0.0391,0.9864,0.9473,False,0.701
1339,Solar Photovoltaic,World,Global,pre_saturation,39,1980,False,,1.0,0.0,0.0099,0.9492,0.9392,False,0.821
1340,Wind,World,Global,pre_saturation,40,1980,False,,1.0,0.0,0.187,0.9838,0.7969,False,0.45
1341,Nuclear,World,Global,pre_saturation,63,1956,False,,1.0,0.0,0.0332,0.9815,0.9483,True,0.667
1342,Concentrated Solar Power,World,Global,pre_saturation,37,1984,False,,1.0,0.0,0.108,0.9851,0.8771,False,0.541
1343,Offshore Wind,World,Global,pre_saturation,22,1999,False,,1.0,0.0,0.039,0.9902,0.9512,False,0.591
1344,High Speed Rail,World,Global,pre_saturation,25,1996,False,,1.0,0.0,0.0005,0.989,0.9885,False,0.76
1345,Public Roads,United States,National,saturating,117,1900,False,,1.0,0.0,0.0637,0.9987,0.935,True,0.436
1346,Railroad Tracks,United States,National,pre_saturation,123,1830,False,,1.0,0.0,0.1398,0.9746,0.8349,True,0.593
1348,Flywheel Battery Storage,World,Global,pre_saturation,15,2006,False,,1.0,0.0,0.0567,0.9872,0.9305,False,0.6
1349,Heat Thermal Battery Storage,World,Global,pre_saturation,11,2007,False,,1.0,0.0,0.0564,0.9858,0.9294,False,0.545
1350,Latent Heat Storage,World,Global,pre_saturation,21,1997,False,,1.0,0.0,0.0018,0.9899,0.9882,False,0.714
1352,Lithium-Ion Battery Storage,World,Global,pre_saturation,13,2008,False,,1.0,0.0,-0.0134,0.9865,0.9999,False,0.692
1354,Sensible Heat Storage,World,Global,pre_saturation,12,2007,False,,1.0,0.0,0.0315,0.9862,0.9546,False,0.667
1356,Wet Flue Gas Desulfurization Systems,World,Global,pre_saturation,28,1972,False,,1.0,0.0,0.1617,0.9938,0.832,False,0.429
1358,Canals,United States,National,pre_saturation,27,1825,False,,1.0,0.0,-0.0084,0.989,0.9974,False,0.741
1359,Herbicide-Tolerant Corn,United States,National,pre_saturation,25,1996,False,,1.0,0.0,0.021,0.9901,0.9691,False,0.68
1360,Insect-Resistant Corn,United States,National,pre_saturation,25,1996,False,,1.0,0.0,0.0162,0.9902,0.974,False,0.68
1361,Insect-Resistant Cotton,United States,National,pre_saturation,25,1996,False,,1.0,0.0,0.0188,0.9907,0.9719,False,0.68
1362,Herbicide-Resistant Cotton,United States,National,pre_saturation,25,1996,False,,1.0,0.0,-0.0113,0.9884,0.9997,False,0.76
1363,Herbicide-Resistant Soybeans,United States,National,pre_saturation,25,1996,False,,1.0,0.0,0.0229,0.9906,0.9677,False,0.64
1364,Color TVs,United States,National,pre_saturation,40,1966,False,,1.0,0.0,0.001,0.9897,0.9887,False,0.75
1365,Microwaves,United States,National,pre_saturation,43,1975,False,,1.0,0.0,-0.011,0.989,1.0,False,0.767
1366,Vacuums,United States,National,pre_saturation,32,1947,False,,1.0,0.0,-0.0112,0.9885,0.9998,False,0.781
1367,Telephone Landlines,United States,National,pre_saturation,72,1947,False,,1.0,0.0,-0.0066,0.9892,0.9958,False,0.778
1368,Household Air Conditioning Units,United States,National,pre_saturation,55,1957,False,,1.0,0.0,-0.0096,0.9879,0.9976,False,0.782
1369,Household Radios,United States,National,pre_saturation,59,1947,False,,1.0,0.0,-0.0103,0.9892,0.9995,False,0.78
1370,Air Source Heat Pump Shipments,United States,National,pre_saturation,19,2002,False,,1.0,0.0,-0.0123,0.9876,0.9999,False,0.789
1371,On-Grid Marine Energy,World,Global,saturating,22,2000,False,,1.0,0.0,0.0007,0.9888,0.9881,False,0.727
